case	series	mz	value
00_z2_1533.8_s0.00	observed_apex	767.33990	0.00883
00_z2_1533.8_s0.00	observed_apex	767.42950	0.03235
00_z2_1533.8_s0.00	observed_apex	767.52094	0.04708
00_z2_1533.8_s0.00	observed_apex	767.61237	0.02989
00_z2_1533.8_s0.00	observed_apex	767.70093	0.03873
00_z2_1533.8_s0.00	observed_apex	767.79248	0.05021
00_z2_1533.8_s0.00	observed_apex	767.88519	0.03974
00_z2_1533.8_s0.00	observed_apex	767.90601	0.00832
00_z2_1533.8_s0.00	observed_apex	767.97479	0.01467
00_z2_1533.8_s0.00	observed_apex	768.06909	0.01547
00_z2_1533.8_s0.00	observed_apex	768.12189	0.01013
00_z2_1533.8_s0.00	observed_apex	768.34308	0.00871
00_z2_1533.8_s0.00	observed_apex	768.79370	0.09766
00_z2_1533.8_s0.00	observed_apex	768.81287	0.01060
00_z2_1533.8_s0.00	observed_apex	768.88501	0.23675
00_z2_1533.8_s0.00	observed_apex	768.97620	0.39928
00_z2_1533.8_s0.00	observed_apex	769.01495	0.00943
00_z2_1533.8_s0.00	observed_apex	769.06757	0.62498
00_z2_1533.8_s0.00	observed_apex	769.15851	1.00000
00_z2_1533.8_s0.00	observed_apex	769.20343	0.01021
00_z2_1533.8_s0.00	observed_apex	769.24945	0.87924
00_z2_1533.8_s0.00	observed_apex	769.34070	0.88592
00_z2_1533.8_s0.00	observed_apex	769.43140	0.43882
00_z2_1533.8_s0.00	observed_apex	769.52277	0.40115
00_z2_1533.8_s0.00	observed_apex	769.61389	0.23654
00_z2_1533.8_s0.00	observed_apex	769.67273	0.00661
00_z2_1533.8_s0.00	observed_apex	769.70526	0.12237
00_z2_1533.8_s0.00	observed_apex	769.79651	0.10661
00_z2_1533.8_s0.00	observed_apex	769.88702	0.04594
00_z2_1533.8_s0.00	observed_apex	769.97711	0.01510
00_z2_1533.8_s0.00	observed_apex	770.61243	0.01049
00_z2_1533.8_s0.00	observed_apex	770.79602	0.00975
00_z2_1533.8_s0.00	observed_apex	770.88794	0.00737
00_z2_1533.8_s0.00	observed_apex	770.97632	0.01215
00_z2_1533.8_s0.00	observed_apex	771.06891	0.02651
00_z2_1533.8_s0.00	observed_apex	771.15692	0.01221
00_z2_1533.8_s0.00	observed_apex	771.33820	0.01903
00_z2_1533.8_s0.00	observed_apex	771.52155	0.02089
00_z2_1533.8_s0.00	observed_apex	771.69934	0.00696
00_z2_1533.8_s0.00	observed_apex	772.02905	0.01237
00_z2_1533.8_s0.00	observed_apex	772.69696	0.01223
00_z2_1533.8_s0.00	observed_apex	772.88556	0.01010
00_z2_1533.8_s0.00	observed_apex	773.03162	0.00999
00_z2_1533.8_s0.00	observed_apex	773.07129	0.00792
00_z2_1533.8_s0.00	observed_apex	773.34454	0.01662
00_z2_1533.8_s0.00	observed_apex	773.69940	0.00718
00_z2_1533.8_s0.00	observed_apex	773.72400	0.00791
00_z2_1533.8_s0.00	observed_apex	774.15991	0.02339
00_z2_1533.8_s0.00	observed_apex	774.25049	0.03736
00_z2_1533.8_s0.00	observed_apex	774.34131	0.03868
00_z2_1533.8_s0.00	observed_apex	774.52313	0.03456
00_z2_1533.8_s0.00	observed_apex	774.61139	0.01701
00_z2_1533.8_s0.00	observed_apex	774.79724	0.02251
00_z2_1533.8_s0.00	observed_apex	775.65796	0.00762
00_z2_1533.8_s0.00	observed_apex	775.68091	0.00919
00_z2_1533.8_s0.00	observed_apex	775.92334	0.00928
00_z2_1533.8_s0.00	observed_apex	778.04584	0.00693
00_z2_1533.8_s0.00	observed_apex	778.52332	0.01102
00_z2_1533.8_s0.00	observed_apex	778.72864	0.00907
00_z2_1533.8_s0.00	observed_apex	779.61700	0.01180
00_z2_1533.8_s0.00	observed_apex	779.70776	0.01356
00_z2_1533.8_s0.00	observed_apex	779.79950	0.00943
00_z2_1533.8_s0.00	observed_apex	779.93225	0.00782
00_z2_1533.8_s0.00	observed_apex	780.07397	0.00643
00_z2_1533.8_s0.00	observed_apex	780.44055	0.01078
00_z2_1533.8_s0.00	observed_apex	780.84534	0.00848
00_z2_1533.8_s0.00	observed_apex	780.93481	0.00967
00_z2_1533.8_s0.00	templ_averagine	767.93118	1.00000
00_z2_1533.8_s0.00	templ_averagine	768.43286	0.81800
00_z2_1533.8_s0.00	templ_averagine	768.93454	0.41633
00_z2_1533.8_s0.00	templ_averagine	769.43621	0.15777
00_z2_1533.8_s0.00	templ_averagine	769.93789	0.04814
00_z2_1533.8_s0.00	templ_rotated	767.93118	0.15777
00_z2_1533.8_s0.00	templ_rotated	768.43286	0.04814
00_z2_1533.8_s0.00	templ_rotated	768.93454	1.00000
00_z2_1533.8_s0.00	templ_rotated	769.43621	0.81800
00_z2_1533.8_s0.00	templ_rotated	769.93789	0.41633
00_z2_1533.8_s0.00	templ_cbp	767.93118	0.70243
00_z2_1533.8_s0.00	templ_cbp	768.43286	0.90317
00_z2_1533.8_s0.00	templ_cbp	768.93454	1.00000
00_z2_1533.8_s0.00	templ_cbp	769.43621	0.89454
00_z2_1533.8_s0.00	templ_cbp	769.93789	0.75968
00_z2_1533.8_s0.00	templ_cbp	770.43957	0.51761
00_z2_1533.8_s0.00	templ_cbp	770.94125	0.34620
00_z2_1533.8_s0.00	templ_cbp	771.44292	0.18770
00_z2_1533.8_s0.00	templ_cbp	771.94460	0.09913
00_z2_1533.8_s0.00	templ_cbp	772.44628	0.04348
00_z2_1533.8_s0.00	templ_off09	767.93118	1.00000
00_z2_1533.8_s0.00	templ_off09	768.38269	0.81800
00_z2_1533.8_s0.00	templ_off09	768.83420	0.41633
00_z2_1533.8_s0.00	templ_off09	769.28571	0.15777
00_z2_1533.8_s0.00	templ_off09	769.73722	0.04814
01_z1_405.7_s0.03	observed_apex	406.03217	0.00420
01_z1_405.7_s0.03	observed_apex	406.04010	0.00168
01_z1_405.7_s0.03	observed_apex	406.05176	0.00221
01_z1_405.7_s0.03	observed_apex	406.05841	0.00114
01_z1_405.7_s0.03	observed_apex	406.76279	0.00134
01_z1_405.7_s0.03	observed_apex	407.18588	0.00660
01_z1_405.7_s0.03	observed_apex	407.19995	0.00212
01_z1_405.7_s0.03	observed_apex	407.53922	0.00120
01_z1_405.7_s0.03	observed_apex	407.68719	0.00275
01_z1_405.7_s0.03	observed_apex	407.71048	0.05453
01_z1_405.7_s0.03	observed_apex	407.72189	0.00134
01_z1_405.7_s0.03	observed_apex	407.73621	0.00412
01_z1_405.7_s0.03	observed_apex	407.74704	0.00282
01_z1_405.7_s0.03	observed_apex	407.75882	0.00152
01_z1_405.7_s0.03	observed_apex	407.87198	0.00190
01_z1_405.7_s0.03	observed_apex	408.02872	0.00105
01_z1_405.7_s0.03	observed_apex	408.11700	0.00095
01_z1_405.7_s0.03	observed_apex	408.16803	0.01894
01_z1_405.7_s0.03	observed_apex	408.21213	0.01974
01_z1_405.7_s0.03	observed_apex	408.22748	0.00113
01_z1_405.7_s0.03	observed_apex	408.23709	0.00107
01_z1_405.7_s0.03	observed_apex	408.50201	0.00986
01_z1_405.7_s0.03	observed_apex	408.61810	0.00147
01_z1_405.7_s0.03	observed_apex	408.71350	0.00526
01_z1_405.7_s0.03	observed_apex	408.72134	0.00088
01_z1_405.7_s0.03	observed_apex	408.83450	0.00244
01_z1_405.7_s0.03	observed_apex	408.83731	0.00200
01_z1_405.7_s0.03	observed_apex	408.89508	0.00416
01_z1_405.7_s0.03	observed_apex	409.14523	0.00114
01_z1_405.7_s0.03	observed_apex	409.19058	0.00279
01_z1_405.7_s0.03	observed_apex	409.20679	0.00126
01_z1_405.7_s0.03	observed_apex	409.22308	0.00171
01_z1_405.7_s0.03	observed_apex	409.22983	0.00293
01_z1_405.7_s0.03	observed_apex	409.44217	0.00316
01_z1_405.7_s0.03	observed_apex	409.56381	0.00104
01_z1_405.7_s0.03	observed_apex	409.67514	0.00380
01_z1_405.7_s0.03	observed_apex	409.69162	0.00114
01_z1_405.7_s0.03	observed_apex	409.85577	0.48056
01_z1_405.7_s0.03	observed_apex	409.87390	0.01445
01_z1_405.7_s0.03	observed_apex	410.18991	0.31588
01_z1_405.7_s0.03	observed_apex	410.20825	0.00628
01_z1_405.7_s0.03	observed_apex	410.52423	0.12034
01_z1_405.7_s0.03	observed_apex	410.54288	0.00237
01_z1_405.7_s0.03	observed_apex	410.85870	0.02580
01_z1_405.7_s0.03	observed_apex	410.87775	0.00130
01_z1_405.7_s0.03	observed_apex	411.05209	0.00136
01_z1_405.7_s0.03	observed_apex	411.19290	0.00368
01_z1_405.7_s0.03	observed_apex	411.20456	0.00077
01_z1_405.7_s0.03	observed_apex	411.21140	0.02889
01_z1_405.7_s0.03	observed_apex	411.23267	0.00091
01_z1_405.7_s0.03	observed_apex	411.52722	0.00267
01_z1_405.7_s0.03	observed_apex	411.71292	0.01069
01_z1_405.7_s0.03	observed_apex	411.90845	0.00112
01_z1_405.7_s0.03	observed_apex	411.94452	0.00115
01_z1_405.7_s0.03	observed_apex	412.20163	0.00138
01_z1_405.7_s0.03	observed_apex	412.21490	0.00237
01_z1_405.7_s0.03	observed_apex	412.22324	0.01906
01_z1_405.7_s0.03	observed_apex	412.24670	0.00322
01_z1_405.7_s0.03	observed_apex	412.65643	0.00115
01_z1_405.7_s0.03	observed_apex	412.72519	0.00502
01_z1_405.7_s0.03	observed_apex	413.07297	0.00177
01_z1_405.7_s0.03	observed_apex	413.20779	0.00141
01_z1_405.7_s0.03	observed_apex	413.21478	0.03326
01_z1_405.7_s0.03	observed_apex	413.22665	0.00233
01_z1_405.7_s0.03	observed_apex	413.54919	0.02183
01_z1_405.7_s0.03	observed_apex	413.55795	0.00145
01_z1_405.7_s0.03	observed_apex	413.55966	0.00107
01_z1_405.7_s0.03	observed_apex	413.87457	0.00472
01_z1_405.7_s0.03	observed_apex	413.88315	0.00950
01_z1_405.7_s0.03	observed_apex	413.89529	0.00224
01_z1_405.7_s0.03	observed_apex	413.97260	0.00198
01_z1_405.7_s0.03	observed_apex	414.20847	0.00142
01_z1_405.7_s0.03	observed_apex	414.23050	0.00146
01_z1_405.7_s0.03	observed_apex	414.23892	0.00432
01_z1_405.7_s0.03	observed_apex	414.25037	0.00265
01_z1_405.7_s0.03	observed_apex	414.38629	0.00086
01_z1_405.7_s0.03	observed_apex	414.51984	0.00103
01_z1_405.7_s0.03	observed_apex	414.57071	0.03337
01_z1_405.7_s0.03	observed_apex	414.74103	0.00123
01_z1_405.7_s0.03	observed_apex	414.89819	0.00139
01_z1_405.7_s0.03	observed_apex	414.90506	0.01904
01_z1_405.7_s0.03	observed_apex	415.08945	0.00121
01_z1_405.7_s0.03	observed_apex	415.19302	0.00080
01_z1_405.7_s0.03	observed_apex	415.21216	0.00138
01_z1_405.7_s0.03	observed_apex	415.23965	0.00544
01_z1_405.7_s0.03	observed_apex	415.57327	0.00086
01_z1_405.7_s0.03	observed_apex	415.70795	0.00155
01_z1_405.7_s0.03	observed_apex	415.87650	0.00194
01_z1_405.7_s0.03	observed_apex	415.89615	0.00123
01_z1_405.7_s0.03	observed_apex	416.22733	0.00148
01_z1_405.7_s0.03	observed_apex	416.24976	0.00717
01_z1_405.7_s0.03	observed_apex	416.26663	0.00090
01_z1_405.7_s0.03	observed_apex	416.30234	0.00311
01_z1_405.7_s0.03	observed_apex	416.75128	0.00443
01_z1_405.7_s0.03	observed_apex	417.10477	0.00159
01_z1_405.7_s0.03	observed_apex	417.11273	0.00365
01_z1_405.7_s0.03	observed_apex	417.22043	0.01311
01_z1_405.7_s0.03	observed_apex	417.23840	0.00309
01_z1_405.7_s0.03	observed_apex	417.25391	0.00168
01_z1_405.7_s0.03	observed_apex	417.55423	0.00233
01_z1_405.7_s0.03	observed_apex	417.72739	0.02996
01_z1_405.7_s0.03	observed_apex	418.18488	0.00133
01_z1_405.7_s0.03	observed_apex	418.22894	0.01200
01_z1_405.7_s0.03	observed_apex	418.47955	0.00103
01_z1_405.7_s0.03	observed_apex	418.60397	0.00161
01_z1_405.7_s0.03	observed_apex	418.70154	0.00473
01_z1_405.7_s0.03	observed_apex	418.73166	0.00146
01_z1_405.7_s0.03	observed_apex	419.18192	0.00111
01_z1_405.7_s0.03	observed_apex	419.20203	0.00119
01_z1_405.7_s0.03	observed_apex	419.51889	0.00113
01_z1_405.7_s0.03	observed_apex	419.69009	0.00170
01_z1_405.7_s0.03	observed_apex	420.23132	0.00172
01_z1_405.7_s0.03	observed_apex	420.24487	0.00118
01_z1_405.7_s0.03	observed_apex	420.51819	0.00114
01_z1_405.7_s0.03	observed_apex	420.55161	0.00149
01_z1_405.7_s0.03	observed_apex	421.06326	1.00000
01_z1_405.7_s0.03	observed_apex	421.07626	0.00481
01_z1_405.7_s0.03	observed_apex	421.08011	0.00603
01_z1_405.7_s0.03	observed_apex	421.22781	0.00098
01_z1_405.7_s0.03	observed_apex	421.23566	0.00364
01_z1_405.7_s0.03	observed_apex	421.56976	0.00300
01_z1_405.7_s0.03	observed_apex	421.72641	0.00539
01_z1_405.7_s0.03	observed_apex	422.04739	0.01090
01_z1_405.7_s0.03	observed_apex	422.06635	0.12411
01_z1_405.7_s0.03	observed_apex	422.22784	0.00145
01_z1_405.7_s0.03	observed_apex	422.24387	0.00180
01_z1_405.7_s0.03	observed_apex	422.83939	0.00219
01_z1_405.7_s0.03	observed_apex	423.05911	0.17913
01_z1_405.7_s0.03	observed_apex	423.06750	0.01632
01_z1_405.7_s0.03	observed_apex	423.20276	0.00641
01_z1_405.7_s0.03	observed_apex	423.22098	0.00121
01_z1_405.7_s0.03	observed_apex	423.22806	0.04774
01_z1_405.7_s0.03	observed_apex	423.54385	0.00144
01_z1_405.7_s0.03	observed_apex	423.55157	0.00118
01_z1_405.7_s0.03	observed_apex	423.71884	0.00518
01_z1_405.7_s0.03	observed_apex	424.04333	0.00186
01_z1_405.7_s0.03	observed_apex	424.06235	0.02069
01_z1_405.7_s0.03	observed_apex	424.07111	0.00183
01_z1_405.7_s0.03	observed_apex	424.22333	0.00817
01_z1_405.7_s0.03	observed_apex	424.23175	0.00942
01_z1_405.7_s0.03	observed_apex	424.25967	0.00659
01_z1_405.7_s0.03	observed_apex	424.31003	0.00176
01_z1_405.7_s0.03	observed_apex	424.76187	0.00160
01_z1_405.7_s0.03	observed_apex	425.05496	0.01053
01_z1_405.7_s0.03	observed_apex	425.06293	0.00209
01_z1_405.7_s0.03	observed_apex	425.22659	0.00220
01_z1_405.7_s0.03	observed_apex	425.25504	0.00187
01_z1_405.7_s0.03	observed_apex	425.26572	0.00111
01_z1_405.7_s0.03	observed_apex	425.54205	0.00126
01_z1_405.7_s0.03	observed_apex	425.85818	0.00103
01_z1_405.7_s0.03	observed_apex	426.03754	0.00110
01_z1_405.7_s0.03	observed_apex	426.05856	0.00141
01_z1_405.7_s0.03	observed_apex	426.68414	0.00343
01_z1_405.7_s0.03	observed_apex	426.76059	0.03653
01_z1_405.7_s0.03	observed_apex	426.88980	0.00133
01_z1_405.7_s0.03	observed_apex	426.89279	0.00123
01_z1_405.7_s0.03	observed_apex	426.91095	0.20719
01_z1_405.7_s0.03	observed_apex	427.05032	0.00338
01_z1_405.7_s0.03	observed_apex	427.07190	0.00203
01_z1_405.7_s0.03	observed_apex	427.19781	0.00360
01_z1_405.7_s0.03	observed_apex	427.24527	0.13524
01_z1_405.7_s0.03	observed_apex	427.26202	0.01790
01_z1_405.7_s0.03	observed_apex	427.48212	0.00107
01_z1_405.7_s0.03	observed_apex	427.57953	0.05301
01_z1_405.7_s0.03	observed_apex	427.76361	0.00299
01_z1_405.7_s0.03	observed_apex	427.86722	0.00172
01_z1_405.7_s0.03	observed_apex	427.91373	0.01428
01_z1_405.7_s0.03	observed_apex	428.18225	0.00095
01_z1_405.7_s0.03	observed_apex	428.19550	0.01279
01_z1_405.7_s0.03	observed_apex	428.20236	0.00292
01_z1_405.7_s0.03	observed_apex	428.24777	0.00217
01_z1_405.7_s0.03	observed_apex	428.25519	0.00145
01_z1_405.7_s0.03	observed_apex	428.26459	0.00162
01_z1_405.7_s0.03	observed_apex	428.53015	0.00687
01_z1_405.7_s0.03	observed_apex	428.86417	0.00476
01_z1_405.7_s0.03	observed_apex	429.09314	0.00395
01_z1_405.7_s0.03	observed_apex	429.19113	0.00192
01_z1_405.7_s0.03	observed_apex	429.19858	0.00287
01_z1_405.7_s0.03	observed_apex	429.69589	0.00153
01_z1_405.7_s0.03	observed_apex	429.74722	0.00226
01_z1_405.7_s0.03	observed_apex	429.75720	0.00094
01_z1_405.7_s0.03	observed_apex	429.94858	0.00119
01_z1_405.7_s0.03	observed_apex	430.04977	0.00157
01_z1_405.7_s0.03	observed_apex	430.18192	0.00810
01_z1_405.7_s0.03	observed_apex	430.23337	0.00216
01_z1_405.7_s0.03	observed_apex	430.30707	0.00135
01_z1_405.7_s0.03	observed_apex	430.73541	0.00093
01_z1_405.7_s0.03	observed_apex	431.08438	0.00240
01_z1_405.7_s0.03	observed_apex	431.24051	0.00116
01_z1_405.7_s0.03	observed_apex	431.40170	0.00085
01_z1_405.7_s0.03	observed_apex	431.40521	0.00081
01_z1_405.7_s0.03	observed_apex	431.48822	0.02034
01_z1_405.7_s0.03	observed_apex	431.59979	0.00522
01_z1_405.7_s0.03	observed_apex	431.73886	0.00994
01_z1_405.7_s0.03	observed_apex	431.80112	0.00292
01_z1_405.7_s0.03	observed_apex	431.82727	0.00120
01_z1_405.7_s0.03	observed_apex	431.86801	0.00279
01_z1_405.7_s0.03	observed_apex	431.98969	0.00584
01_z1_405.7_s0.03	observed_apex	432.17889	0.00175
01_z1_405.7_s0.03	observed_apex	432.20694	0.00114
01_z1_405.7_s0.03	observed_apex	432.24030	0.00374
01_z1_405.7_s0.03	observed_apex	432.24890	0.00106
01_z1_405.7_s0.03	observed_apex	432.41037	0.00105
01_z1_405.7_s0.03	observed_apex	432.53696	0.00149
01_z1_405.7_s0.03	templ_averagine	406.75547	1.00000
01_z1_405.7_s0.03	templ_averagine	407.75882	0.20714
01_z1_405.7_s0.03	templ_averagine	408.76218	0.03070
01_z1_405.7_s0.03	templ_rotated	406.75547	0.03070
01_z1_405.7_s0.03	templ_rotated	407.75882	1.00000
01_z1_405.7_s0.03	templ_rotated	408.76218	0.20714
01_z1_405.7_s0.03	templ_cbp	406.75547	1.00000
01_z1_405.7_s0.03	templ_cbp	407.75882	0.45808
01_z1_405.7_s0.03	templ_cbp	408.76218	0.64514
01_z1_405.7_s0.03	templ_cbp	409.76553	0.15729
01_z1_405.7_s0.03	templ_cbp	410.76889	0.11303
01_z1_405.7_s0.03	templ_off09	406.75547	1.00000
01_z1_405.7_s0.03	templ_off09	407.65849	0.20714
01_z1_405.7_s0.03	templ_off09	408.56151	0.03070
02_z5_1888.3_s0.08	observed_apex	378.67255	0.05399
02_z5_1888.3_s0.08	observed_apex	378.87201	0.11893
02_z5_1888.3_s0.08	observed_apex	378.94617	0.79894
02_z5_1888.3_s0.08	observed_apex	379.17264	0.22164
02_z5_1888.3_s0.08	observed_apex	379.19684	1.00000
02_z5_1888.3_s0.08	observed_apex	379.20322	0.15889
02_z5_1888.3_s0.08	observed_apex	379.44730	0.37030
02_z5_1888.3_s0.08	observed_apex	379.50702	0.30109
02_z5_1888.3_s0.08	observed_apex	379.69608	0.11919
02_z5_1888.3_s0.08	observed_apex	380.16022	0.05287
02_z5_1888.3_s0.08	observed_apex	380.51044	0.16121
02_z5_1888.3_s0.08	observed_apex	380.54108	0.06771
02_z5_1888.3_s0.08	observed_apex	381.06189	0.10199
02_z5_1888.3_s0.08	observed_apex	381.18475	0.06861
02_z5_1888.3_s0.08	observed_apex	381.21518	0.41782
02_z5_1888.3_s0.08	observed_apex	381.51947	0.05829
02_z5_1888.3_s0.08	observed_apex	381.71658	0.14725
02_z5_1888.3_s0.08	templ_averagine	378.67134	0.97547
02_z5_1888.3_s0.08	templ_averagine	378.87201	1.00000
02_z5_1888.3_s0.08	templ_averagine	379.07268	0.60136
02_z5_1888.3_s0.08	templ_averagine	379.27335	0.26584
02_z5_1888.3_s0.08	templ_averagine	379.47402	0.09432
02_z5_1888.3_s0.08	templ_rotated	378.67134	0.26584
02_z5_1888.3_s0.08	templ_rotated	378.87201	0.09432
02_z5_1888.3_s0.08	templ_rotated	379.07268	0.97547
02_z5_1888.3_s0.08	templ_rotated	379.27335	1.00000
02_z5_1888.3_s0.08	templ_rotated	379.47402	0.60136
02_z5_1888.3_s0.08	templ_cbp	378.67134	0.64171
02_z5_1888.3_s0.08	templ_cbp	378.87201	0.86593
02_z5_1888.3_s0.08	templ_cbp	379.07268	1.00000
02_z5_1888.3_s0.08	templ_cbp	379.27335	0.98678
02_z5_1888.3_s0.08	templ_cbp	379.47402	0.89084
02_z5_1888.3_s0.08	templ_cbp	379.67469	0.68953
02_z5_1888.3_s0.08	templ_cbp	379.87536	0.50397
02_z5_1888.3_s0.08	templ_cbp	380.07604	0.31772
02_z5_1888.3_s0.08	templ_cbp	380.27671	0.19067
02_z5_1888.3_s0.08	templ_cbp	380.47738	0.09981
02_z5_1888.3_s0.08	templ_cbp	380.67805	0.04937
02_z5_1888.3_s0.08	templ_off09	378.67134	0.97547
02_z5_1888.3_s0.08	templ_off09	378.85194	1.00000
02_z5_1888.3_s0.08	templ_off09	379.03255	0.60136
02_z5_1888.3_s0.08	templ_off09	379.21315	0.26584
02_z5_1888.3_s0.08	templ_off09	379.39375	0.09432
03_z2_1431.6_s0.13	observed_apex	716.05573	0.22951
03_z2_1431.6_s0.13	observed_apex	716.10712	0.16207
03_z2_1431.6_s0.13	observed_apex	716.20135	0.15629
03_z2_1431.6_s0.13	observed_apex	716.25244	0.15181
03_z2_1431.6_s0.13	observed_apex	716.48724	0.31964
03_z2_1431.6_s0.13	observed_apex	716.57886	0.17080
03_z2_1431.6_s0.13	observed_apex	716.65430	0.59517
03_z2_1431.6_s0.13	observed_apex	716.67627	0.88837
03_z2_1431.6_s0.13	observed_apex	716.69806	0.22358
03_z2_1431.6_s0.13	observed_apex	716.71783	0.33802
03_z2_1431.6_s0.13	observed_apex	716.73389	0.41807
03_z2_1431.6_s0.13	observed_apex	716.74884	0.19933
03_z2_1431.6_s0.13	observed_apex	716.77448	0.31713
03_z2_1431.6_s0.13	observed_apex	716.79102	0.17973
03_z2_1431.6_s0.13	observed_apex	716.83997	0.18272
03_z2_1431.6_s0.13	observed_apex	716.87573	0.57945
03_z2_1431.6_s0.13	observed_apex	716.89209	0.30655
03_z2_1431.6_s0.13	observed_apex	716.92651	0.19280
03_z2_1431.6_s0.13	observed_apex	717.05530	0.12628
03_z2_1431.6_s0.13	observed_apex	717.15833	0.26596
03_z2_1431.6_s0.13	observed_apex	717.17700	0.20397
03_z2_1431.6_s0.13	observed_apex	717.21399	0.15855
03_z2_1431.6_s0.13	observed_apex	717.23737	0.25808
03_z2_1431.6_s0.13	observed_apex	717.25964	0.15338
03_z2_1431.6_s0.13	observed_apex	717.30554	0.14621
03_z2_1431.6_s0.13	observed_apex	717.32227	0.18047
03_z2_1431.6_s0.13	observed_apex	717.52258	0.34866
03_z2_1431.6_s0.13	observed_apex	717.97205	0.28653
03_z2_1431.6_s0.13	observed_apex	717.98798	0.20657
03_z2_1431.6_s0.13	observed_apex	718.00714	0.18986
03_z2_1431.6_s0.13	observed_apex	718.10327	0.16969
03_z2_1431.6_s0.13	observed_apex	718.32922	0.17275
03_z2_1431.6_s0.13	observed_apex	718.65143	0.25409
03_z2_1431.6_s0.13	observed_apex	718.67609	0.51360
03_z2_1431.6_s0.13	observed_apex	719.04041	0.13413
03_z2_1431.6_s0.13	observed_apex	719.06555	0.16161
03_z2_1431.6_s0.13	observed_apex	719.08838	0.12798
03_z2_1431.6_s0.13	observed_apex	719.17920	0.22653
03_z2_1431.6_s0.13	observed_apex	719.19531	0.17203
03_z2_1431.6_s0.13	observed_apex	719.23132	0.10534
03_z2_1431.6_s0.13	observed_apex	719.26105	0.29130
03_z2_1431.6_s0.13	observed_apex	719.33380	0.34498
03_z2_1431.6_s0.13	observed_apex	719.43372	0.17033
03_z2_1431.6_s0.13	observed_apex	719.46313	0.25649
03_z2_1431.6_s0.13	observed_apex	719.49896	0.19881
03_z2_1431.6_s0.13	observed_apex	719.58478	0.35622
03_z2_1431.6_s0.13	observed_apex	719.60126	0.33559
03_z2_1431.6_s0.13	observed_apex	719.64099	0.26320
03_z2_1431.6_s0.13	observed_apex	719.66339	0.12134
03_z2_1431.6_s0.13	observed_apex	719.67419	0.12182
03_z2_1431.6_s0.13	observed_apex	719.73755	0.21861
03_z2_1431.6_s0.13	observed_apex	719.79926	0.17750
03_z2_1431.6_s0.13	observed_apex	719.86212	0.15362
03_z2_1431.6_s0.13	observed_apex	719.91284	0.14883
03_z2_1431.6_s0.13	observed_apex	719.94226	0.26612
03_z2_1431.6_s0.13	observed_apex	719.95844	0.20663
03_z2_1431.6_s0.13	observed_apex	720.02283	0.13305
03_z2_1431.6_s0.13	observed_apex	720.06750	0.13580
03_z2_1431.6_s0.13	observed_apex	720.31793	0.13825
03_z2_1431.6_s0.13	observed_apex	720.56384	0.16792
03_z2_1431.6_s0.13	observed_apex	720.59155	0.20292
03_z2_1431.6_s0.13	observed_apex	720.64056	0.32098
03_z2_1431.6_s0.13	observed_apex	720.75726	0.18153
03_z2_1431.6_s0.13	observed_apex	720.83258	0.43534
03_z2_1431.6_s0.13	observed_apex	720.87830	0.15187
03_z2_1431.6_s0.13	observed_apex	720.92181	0.28399
03_z2_1431.6_s0.13	observed_apex	720.94684	0.12759
03_z2_1431.6_s0.13	observed_apex	721.05676	0.22832
03_z2_1431.6_s0.13	observed_apex	721.13629	0.16090
03_z2_1431.6_s0.13	observed_apex	721.18274	0.15808
03_z2_1431.6_s0.13	observed_apex	721.32507	0.13713
03_z2_1431.6_s0.13	observed_apex	721.37622	0.15956
03_z2_1431.6_s0.13	observed_apex	721.39532	0.19839
03_z2_1431.6_s0.13	observed_apex	721.41876	0.17421
03_z2_1431.6_s0.13	observed_apex	721.44086	0.54872
03_z2_1431.6_s0.13	observed_apex	721.50653	0.25832
03_z2_1431.6_s0.13	observed_apex	721.64301	0.16216
03_z2_1431.6_s0.13	observed_apex	721.72015	0.16618
03_z2_1431.6_s0.13	observed_apex	721.79205	0.29629
03_z2_1431.6_s0.13	observed_apex	721.81354	0.37959
03_z2_1431.6_s0.13	observed_apex	721.83331	0.28498
03_z2_1431.6_s0.13	observed_apex	721.87891	0.16943
03_z2_1431.6_s0.13	observed_apex	721.98004	0.87358
03_z2_1431.6_s0.13	observed_apex	721.99664	0.13958
03_z2_1431.6_s0.13	observed_apex	722.01312	0.30724
03_z2_1431.6_s0.13	observed_apex	722.05920	0.13714
03_z2_1431.6_s0.13	observed_apex	722.08582	0.19739
03_z2_1431.6_s0.13	observed_apex	722.11536	0.14978
03_z2_1431.6_s0.13	observed_apex	722.17285	0.24156
03_z2_1431.6_s0.13	observed_apex	722.18994	0.35288
03_z2_1431.6_s0.13	observed_apex	722.24036	0.16704
03_z2_1431.6_s0.13	observed_apex	722.26123	0.26834
03_z2_1431.6_s0.13	observed_apex	722.28949	0.16306
03_z2_1431.6_s0.13	observed_apex	722.31317	0.26937
03_z2_1431.6_s0.13	observed_apex	722.34607	0.20984
03_z2_1431.6_s0.13	observed_apex	722.36713	0.14203
03_z2_1431.6_s0.13	observed_apex	722.38617	0.30747
03_z2_1431.6_s0.13	observed_apex	722.40259	0.29782
03_z2_1431.6_s0.13	observed_apex	722.42181	0.55864
03_z2_1431.6_s0.13	observed_apex	722.43921	0.14969
03_z2_1431.6_s0.13	observed_apex	722.47522	0.19115
03_z2_1431.6_s0.13	observed_apex	722.52783	0.15387
03_z2_1431.6_s0.13	observed_apex	722.57709	0.18534
03_z2_1431.6_s0.13	observed_apex	722.64349	0.18884
03_z2_1431.6_s0.13	observed_apex	722.69336	0.26224
03_z2_1431.6_s0.13	observed_apex	722.71497	0.56200
03_z2_1431.6_s0.13	observed_apex	722.73657	0.33304
03_z2_1431.6_s0.13	observed_apex	722.80286	0.22578
03_z2_1431.6_s0.13	observed_apex	722.83289	0.38665
03_z2_1431.6_s0.13	observed_apex	722.84912	0.23982
03_z2_1431.6_s0.13	observed_apex	722.86200	0.17963
03_z2_1431.6_s0.13	observed_apex	722.87787	0.22471
03_z2_1431.6_s0.13	observed_apex	722.93427	0.40769
03_z2_1431.6_s0.13	observed_apex	722.95868	0.34093
03_z2_1431.6_s0.13	observed_apex	723.02002	0.20244
03_z2_1431.6_s0.13	observed_apex	723.11932	0.15036
03_z2_1431.6_s0.13	observed_apex	723.30060	0.30024
03_z2_1431.6_s0.13	observed_apex	723.31744	0.18496
03_z2_1431.6_s0.13	observed_apex	723.36963	0.59112
03_z2_1431.6_s0.13	observed_apex	723.39569	0.15195
03_z2_1431.6_s0.13	observed_apex	723.47980	0.13476
03_z2_1431.6_s0.13	observed_apex	723.61969	0.21441
03_z2_1431.6_s0.13	observed_apex	723.69031	0.16041
03_z2_1431.6_s0.13	observed_apex	723.70837	0.25911
03_z2_1431.6_s0.13	observed_apex	723.72833	0.18536
03_z2_1431.6_s0.13	observed_apex	723.74731	0.36447
03_z2_1431.6_s0.13	observed_apex	723.78674	0.18601
03_z2_1431.6_s0.13	observed_apex	723.81335	0.24369
03_z2_1431.6_s0.13	observed_apex	723.85510	0.14208
03_z2_1431.6_s0.13	observed_apex	724.01733	0.27417
03_z2_1431.6_s0.13	observed_apex	724.05096	0.15118
03_z2_1431.6_s0.13	observed_apex	724.07068	0.48373
03_z2_1431.6_s0.13	observed_apex	724.09485	0.24625
03_z2_1431.6_s0.13	observed_apex	724.19824	0.48285
03_z2_1431.6_s0.13	observed_apex	724.23029	0.45249
03_z2_1431.6_s0.13	observed_apex	724.31799	0.35056
03_z2_1431.6_s0.13	observed_apex	724.33545	0.63962
03_z2_1431.6_s0.13	observed_apex	724.35626	1.00000
03_z2_1431.6_s0.13	observed_apex	724.37512	0.22746
03_z2_1431.6_s0.13	observed_apex	724.47260	0.18963
03_z2_1431.6_s0.13	observed_apex	724.64771	0.15297
03_z2_1431.6_s0.13	observed_apex	724.74005	0.15438
03_z2_1431.6_s0.13	observed_apex	724.77704	0.16323
03_z2_1431.6_s0.13	observed_apex	724.80573	0.22798
03_z2_1431.6_s0.13	observed_apex	724.83386	0.22687
03_z2_1431.6_s0.13	observed_apex	724.95868	0.15620
03_z2_1431.6_s0.13	observed_apex	724.98718	0.21621
03_z2_1431.6_s0.13	observed_apex	725.03894	0.16497
03_z2_1431.6_s0.13	observed_apex	725.10321	0.38195
03_z2_1431.6_s0.13	observed_apex	725.44916	0.15770
03_z2_1431.6_s0.13	observed_apex	725.46814	0.20444
03_z2_1431.6_s0.13	observed_apex	725.50366	0.17302
03_z2_1431.6_s0.13	observed_apex	725.52026	0.25056
03_z2_1431.6_s0.13	observed_apex	725.53741	0.45651
03_z2_1431.6_s0.13	observed_apex	725.55750	0.59399
03_z2_1431.6_s0.13	observed_apex	725.60992	0.16135
03_z2_1431.6_s0.13	observed_apex	725.65759	0.16469
03_z2_1431.6_s0.13	observed_apex	725.75507	0.14988
03_z2_1431.6_s0.13	observed_apex	725.82251	0.43345
03_z2_1431.6_s0.13	observed_apex	725.83887	0.19951
03_z2_1431.6_s0.13	observed_apex	725.88422	0.18334
03_z2_1431.6_s0.13	observed_apex	725.93085	0.14585
03_z2_1431.6_s0.13	observed_apex	725.99469	0.14587
03_z2_1431.6_s0.13	observed_apex	726.04181	0.20141
03_z2_1431.6_s0.13	observed_apex	726.05841	0.75513
03_z2_1431.6_s0.13	observed_apex	726.08636	0.45779
03_z2_1431.6_s0.13	observed_apex	726.12201	0.20722
03_z2_1431.6_s0.13	observed_apex	726.16656	0.14438
03_z2_1431.6_s0.13	observed_apex	726.21033	0.30643
03_z2_1431.6_s0.13	observed_apex	726.22723	0.41004
03_z2_1431.6_s0.13	observed_apex	726.28613	0.18123
03_z2_1431.6_s0.13	observed_apex	726.30817	0.14155
03_z2_1431.6_s0.13	observed_apex	726.35547	0.12676
03_z2_1431.6_s0.13	observed_apex	726.37415	0.19973
03_z2_1431.6_s0.13	observed_apex	726.42035	0.39827
03_z2_1431.6_s0.13	observed_apex	726.52991	0.18979
03_z2_1431.6_s0.13	observed_apex	726.54791	0.29368
03_z2_1431.6_s0.13	observed_apex	726.57776	0.48438
03_z2_1431.6_s0.13	observed_apex	726.61096	0.30472
03_z2_1431.6_s0.13	observed_apex	726.65063	0.32432
03_z2_1431.6_s0.13	observed_apex	726.67242	0.32140
03_z2_1431.6_s0.13	observed_apex	726.68860	0.34800
03_z2_1431.6_s0.13	observed_apex	726.74908	0.16541
03_z2_1431.6_s0.13	observed_apex	726.77051	0.18066
03_z2_1431.6_s0.13	observed_apex	726.78955	0.18163
03_z2_1431.6_s0.13	observed_apex	726.80994	0.16939
03_z2_1431.6_s0.13	observed_apex	726.87317	0.21466
03_z2_1431.6_s0.13	observed_apex	726.88257	0.18961
03_z2_1431.6_s0.13	observed_apex	726.90320	0.78532
03_z2_1431.6_s0.13	observed_apex	726.92175	0.27222
03_z2_1431.6_s0.13	observed_apex	726.97968	0.32531
03_z2_1431.6_s0.13	observed_apex	726.99756	0.13964
03_z2_1431.6_s0.13	observed_apex	727.01025	0.40006
03_z2_1431.6_s0.13	observed_apex	727.11469	0.32811
03_z2_1431.6_s0.13	observed_apex	727.13141	0.17900
03_z2_1431.6_s0.13	observed_apex	727.17352	0.21129
03_z2_1431.6_s0.13	observed_apex	727.19165	0.13660
03_z2_1431.6_s0.13	observed_apex	727.21100	0.19843
03_z2_1431.6_s0.13	observed_apex	727.22815	0.13148
03_z2_1431.6_s0.13	observed_apex	727.25226	0.95314
03_z2_1431.6_s0.13	observed_apex	727.32343	0.22749
03_z2_1431.6_s0.13	observed_apex	727.34686	0.12275
03_z2_1431.6_s0.13	observed_apex	727.38013	0.56054
03_z2_1431.6_s0.13	observed_apex	727.40326	0.18948
03_z2_1431.6_s0.13	observed_apex	727.41492	0.80619
03_z2_1431.6_s0.13	observed_apex	727.43481	0.29259
03_z2_1431.6_s0.13	observed_apex	727.46216	0.30140
03_z2_1431.6_s0.13	observed_apex	727.48608	0.16373
03_z2_1431.6_s0.13	observed_apex	727.55237	0.23093
03_z2_1431.6_s0.13	observed_apex	727.56958	0.21160
03_z2_1431.6_s0.13	observed_apex	727.58588	0.41489
03_z2_1431.6_s0.13	observed_apex	727.61877	0.16562
03_z2_1431.6_s0.13	observed_apex	727.63867	0.34027
03_z2_1431.6_s0.13	observed_apex	727.66248	0.20068
03_z2_1431.6_s0.13	observed_apex	727.68427	0.19750
03_z2_1431.6_s0.13	observed_apex	727.70068	0.21480
03_z2_1431.6_s0.13	observed_apex	727.71735	0.23871
03_z2_1431.6_s0.13	observed_apex	727.74573	0.19003
03_z2_1431.6_s0.13	observed_apex	727.85046	0.32839
03_z2_1431.6_s0.13	observed_apex	727.99652	0.33467
03_z2_1431.6_s0.13	observed_apex	728.01270	0.30273
03_z2_1431.6_s0.13	observed_apex	728.04504	0.60832
03_z2_1431.6_s0.13	observed_apex	728.09406	0.16506
03_z2_1431.6_s0.13	observed_apex	728.13885	0.21136
03_z2_1431.6_s0.13	observed_apex	728.18677	0.37392
03_z2_1431.6_s0.13	observed_apex	728.21313	0.82621
03_z2_1431.6_s0.13	observed_apex	728.23334	0.25592
03_z2_1431.6_s0.13	observed_apex	728.25696	0.49995
03_z2_1431.6_s0.13	observed_apex	728.27478	0.49250
03_z2_1431.6_s0.13	observed_apex	728.49298	0.13553
03_z2_1431.6_s0.13	observed_apex	728.54645	0.24651
03_z2_1431.6_s0.13	observed_apex	728.63647	0.33417
03_z2_1431.6_s0.13	observed_apex	728.65637	0.14176
03_z2_1431.6_s0.13	observed_apex	728.67133	0.28825
03_z2_1431.6_s0.13	observed_apex	728.68823	0.19687
03_z2_1431.6_s0.13	observed_apex	728.93146	0.35930
03_z2_1431.6_s0.13	observed_apex	728.94763	0.17462
03_z2_1431.6_s0.13	observed_apex	728.96783	0.50941
03_z2_1431.6_s0.13	observed_apex	728.98901	0.35448
03_z2_1431.6_s0.13	observed_apex	729.05731	0.21501
03_z2_1431.6_s0.13	observed_apex	729.07727	0.23250
03_z2_1431.6_s0.13	observed_apex	729.11804	0.14182
03_z2_1431.6_s0.13	observed_apex	729.15808	0.58638
03_z2_1431.6_s0.13	observed_apex	729.23096	0.17947
03_z2_1431.6_s0.13	observed_apex	729.31091	0.14195
03_z2_1431.6_s0.13	observed_apex	729.42584	0.16199
03_z2_1431.6_s0.13	observed_apex	729.47168	0.17325
03_z2_1431.6_s0.13	observed_apex	729.57684	0.15521
03_z2_1431.6_s0.13	observed_apex	729.60706	0.28685
03_z2_1431.6_s0.13	observed_apex	729.66327	0.15942
03_z2_1431.6_s0.13	observed_apex	729.68347	0.33325
03_z2_1431.6_s0.13	observed_apex	729.76001	0.20293
03_z2_1431.6_s0.13	observed_apex	729.82428	0.21156
03_z2_1431.6_s0.13	observed_apex	729.84705	0.17385
03_z2_1431.6_s0.13	templ_averagine	716.80387	1.00000
03_z2_1431.6_s0.13	templ_averagine	717.30554	0.78472
03_z2_1431.6_s0.13	templ_averagine	717.80722	0.38778
03_z2_1431.6_s0.13	templ_averagine	718.30890	0.14289
03_z2_1431.6_s0.13	templ_averagine	718.81058	0.04239
03_z2_1431.6_s0.13	templ_rotated	716.80387	0.14289
03_z2_1431.6_s0.13	templ_rotated	717.30554	0.04239
03_z2_1431.6_s0.13	templ_rotated	717.80722	1.00000
03_z2_1431.6_s0.13	templ_rotated	718.30890	0.78472
03_z2_1431.6_s0.13	templ_rotated	718.81058	0.38778
03_z2_1431.6_s0.13	templ_cbp	716.80387	0.75647
03_z2_1431.6_s0.13	templ_cbp	717.30554	0.91753
03_z2_1431.6_s0.13	templ_cbp	717.80722	1.00000
03_z2_1431.6_s0.13	templ_cbp	718.30890	0.80176
03_z2_1431.6_s0.13	templ_cbp	718.81058	0.65038
03_z2_1431.6_s0.13	templ_cbp	719.31225	0.38887
03_z2_1431.6_s0.13	templ_cbp	719.81393	0.23824
03_z2_1431.6_s0.13	templ_cbp	720.31561	0.11157
03_z2_1431.6_s0.13	templ_cbp	720.81729	0.05111
03_z2_1431.6_s0.13	templ_off09	716.80387	1.00000
03_z2_1431.6_s0.13	templ_off09	717.25538	0.78472
03_z2_1431.6_s0.13	templ_off09	717.70689	0.38778
03_z2_1431.6_s0.13	templ_off09	718.15840	0.14289
03_z2_1431.6_s0.13	templ_off09	718.60991	0.04239
04_z5_4843.0_s0.18	observed_apex	969.36548	0.14973
04_z5_4843.0_s0.18	observed_apex	969.43671	0.58379
04_z5_4843.0_s0.18	observed_apex	969.92194	0.12921
04_z5_4843.0_s0.18	observed_apex	969.94342	0.11458
04_z5_4843.0_s0.18	observed_apex	970.11957	0.10317
04_z5_4843.0_s0.18	observed_apex	970.21069	0.15351
04_z5_4843.0_s0.18	observed_apex	970.43500	0.19491
04_z5_4843.0_s0.18	observed_apex	970.48755	0.11657
04_z5_4843.0_s0.18	observed_apex	970.54407	0.20594
04_z5_4843.0_s0.18	observed_apex	970.57184	0.10339
04_z5_4843.0_s0.18	observed_apex	970.93311	0.15722
04_z5_4843.0_s0.18	observed_apex	970.96228	0.11754
04_z5_4843.0_s0.18	observed_apex	971.44269	1.00000
04_z5_4843.0_s0.18	observed_apex	971.82263	0.10424
04_z5_4843.0_s0.18	observed_apex	971.94495	0.78662
04_z5_4843.0_s0.18	observed_apex	972.31866	0.10659
04_z5_4843.0_s0.18	observed_apex	972.42755	0.15173
04_z5_4843.0_s0.18	observed_apex	972.44611	0.25360
04_z5_4843.0_s0.18	observed_apex	972.93799	0.21925
04_z5_4843.0_s0.18	observed_apex	973.43372	0.22073
04_z5_4843.0_s0.18	observed_apex	973.73907	0.12468
04_z5_4843.0_s0.18	observed_apex	973.83649	0.23510
04_z5_4843.0_s0.18	observed_apex	973.87897	0.21398
04_z5_4843.0_s0.18	observed_apex	973.91785	0.16257
04_z5_4843.0_s0.18	observed_apex	973.96979	0.23491
04_z5_4843.0_s0.18	observed_apex	974.13165	0.18211
04_z5_4843.0_s0.18	observed_apex	974.47125	0.16380
04_z5_4843.0_s0.18	observed_apex	974.57361	0.12349
04_z5_4843.0_s0.18	templ_averagine	969.60868	0.27474
04_z5_4843.0_s0.18	templ_averagine	969.80935	0.71978
04_z5_4843.0_s0.18	templ_averagine	970.01002	1.00000
04_z5_4843.0_s0.18	templ_averagine	970.21069	0.97290
04_z5_4843.0_s0.18	templ_averagine	970.41136	0.74031
04_z5_4843.0_s0.18	templ_averagine	970.61204	0.46733
04_z5_4843.0_s0.18	templ_averagine	970.81271	0.25380
04_z5_4843.0_s0.18	templ_averagine	971.01338	0.12153
04_z5_4843.0_s0.18	templ_averagine	971.21405	0.05222
04_z5_4843.0_s0.18	templ_rotated	969.60868	0.46733
04_z5_4843.0_s0.18	templ_rotated	969.80935	0.25380
04_z5_4843.0_s0.18	templ_rotated	970.01002	0.12153
04_z5_4843.0_s0.18	templ_rotated	970.21069	0.05222
04_z5_4843.0_s0.18	templ_rotated	970.41136	0.27474
04_z5_4843.0_s0.18	templ_rotated	970.61204	0.71978
04_z5_4843.0_s0.18	templ_rotated	970.81271	1.00000
04_z5_4843.0_s0.18	templ_rotated	971.01338	0.97290
04_z5_4843.0_s0.18	templ_rotated	971.21405	0.74031
04_z5_4843.0_s0.18	templ_cbp	969.60868	0.23991
04_z5_4843.0_s0.18	templ_cbp	969.80935	0.36334
04_z5_4843.0_s0.18	templ_cbp	970.01002	0.50864
04_z5_4843.0_s0.18	templ_cbp	970.21069	0.66194
04_z5_4843.0_s0.18	templ_cbp	970.41136	0.80480
04_z5_4843.0_s0.18	templ_cbp	970.61204	0.91799
04_z5_4843.0_s0.18	templ_cbp	970.81271	0.98589
04_z5_4843.0_s0.18	templ_cbp	971.01338	1.00000
04_z5_4843.0_s0.18	templ_cbp	971.21405	0.96053
04_z5_4843.0_s0.18	templ_cbp	971.41472	0.87568
04_z5_4843.0_s0.18	templ_cbp	971.61539	0.75925
04_z5_4843.0_s0.18	templ_cbp	971.81606	0.62713
04_z5_4843.0_s0.18	templ_cbp	972.01673	0.49424
04_z5_4843.0_s0.18	templ_cbp	972.21740	0.37208
04_z5_4843.0_s0.18	templ_cbp	972.41807	0.26791
04_z5_4843.0_s0.18	templ_cbp	972.61874	0.18466
04_z5_4843.0_s0.18	templ_cbp	972.81942	0.12195
04_z5_4843.0_s0.18	templ_cbp	973.02009	0.07720
04_z5_4843.0_s0.18	templ_cbp	973.22076	0.04689
04_z5_4843.0_s0.18	templ_off09	969.60868	0.27474
04_z5_4843.0_s0.18	templ_off09	969.78928	0.71978
04_z5_4843.0_s0.18	templ_off09	969.96989	1.00000
04_z5_4843.0_s0.18	templ_off09	970.15049	0.97290
04_z5_4843.0_s0.18	templ_off09	970.33110	0.74031
04_z5_4843.0_s0.18	templ_off09	970.51170	0.46733
04_z5_4843.0_s0.18	templ_off09	970.69230	0.25380
04_z5_4843.0_s0.18	templ_off09	970.87291	0.12153
04_z5_4843.0_s0.18	templ_off09	971.05351	0.05222
05_z6_4418.6_s0.22	observed_apex	737.20251	0.56200
05_z6_4418.6_s0.22	observed_apex	737.60211	0.16406
05_z6_4418.6_s0.22	observed_apex	737.63635	0.46435
05_z6_4418.6_s0.22	observed_apex	737.65454	0.30198
05_z6_4418.6_s0.22	observed_apex	737.68903	0.27527
05_z6_4418.6_s0.22	observed_apex	737.76819	0.18984
05_z6_4418.6_s0.22	observed_apex	737.85431	0.31701
05_z6_4418.6_s0.22	observed_apex	738.06000	0.51696
05_z6_4418.6_s0.22	observed_apex	738.07758	0.16984
05_z6_4418.6_s0.22	observed_apex	738.10443	0.21078
05_z6_4418.6_s0.22	observed_apex	738.12140	0.34758
05_z6_4418.6_s0.22	observed_apex	738.13776	0.20759
05_z6_4418.6_s0.22	observed_apex	738.19409	0.55350
05_z6_4418.6_s0.22	observed_apex	738.22211	0.20272
05_z6_4418.6_s0.22	observed_apex	738.64905	0.53718
05_z6_4418.6_s0.22	observed_apex	738.66583	0.41835
05_z6_4418.6_s0.22	observed_apex	738.73712	0.20688
05_z6_4418.6_s0.22	observed_apex	738.93787	1.00000
05_z6_4418.6_s0.22	observed_apex	738.95813	0.24770
05_z6_4418.6_s0.22	observed_apex	739.12628	0.62651
05_z6_4418.6_s0.22	observed_apex	739.24182	0.24850
05_z6_4418.6_s0.22	observed_apex	739.48480	0.25580
05_z6_4418.6_s0.22	observed_apex	739.73956	0.70656
05_z6_4418.6_s0.22	observed_apex	739.77332	0.90975
05_z6_4418.6_s0.22	observed_apex	739.82129	0.24236
05_z6_4418.6_s0.22	observed_apex	739.87982	0.46167
05_z6_4418.6_s0.22	observed_apex	740.50458	0.41035
05_z6_4418.6_s0.22	observed_apex	740.72754	0.25838
05_z6_4418.6_s0.22	observed_apex	740.98822	0.43996
05_z6_4418.6_s0.22	observed_apex	741.00641	0.22762
05_z6_4418.6_s0.22	observed_apex	741.17828	0.22441
05_z6_4418.6_s0.22	observed_apex	741.41962	0.73896
05_z6_4418.6_s0.22	observed_apex	741.47687	0.98086
05_z6_4418.6_s0.22	observed_apex	741.51825	0.29333
05_z6_4418.6_s0.22	templ_averagine	737.43553	0.33029
05_z6_4418.6_s0.22	templ_averagine	737.60275	0.78589
05_z6_4418.6_s0.22	templ_averagine	737.76998	1.00000
05_z6_4418.6_s0.22	templ_averagine	737.93721	0.89605
05_z6_4418.6_s0.22	templ_averagine	738.10443	0.63042
05_z6_4418.6_s0.22	templ_averagine	738.27166	0.36896
05_z6_4418.6_s0.22	templ_averagine	738.43888	0.18615
05_z6_4418.6_s0.22	templ_averagine	738.60611	0.08292
05_z6_4418.6_s0.22	templ_averagine	738.77333	0.03318
05_z6_4418.6_s0.22	templ_rotated	737.43553	0.36896
05_z6_4418.6_s0.22	templ_rotated	737.60275	0.18615
05_z6_4418.6_s0.22	templ_rotated	737.76998	0.08292
05_z6_4418.6_s0.22	templ_rotated	737.93721	0.03318
05_z6_4418.6_s0.22	templ_rotated	738.10443	0.33029
05_z6_4418.6_s0.22	templ_rotated	738.27166	0.78589
05_z6_4418.6_s0.22	templ_rotated	738.43888	1.00000
05_z6_4418.6_s0.22	templ_rotated	738.60611	0.89605
05_z6_4418.6_s0.22	templ_rotated	738.77333	0.63042
05_z6_4418.6_s0.22	templ_cbp	737.43553	0.27036
05_z6_4418.6_s0.22	templ_cbp	737.60275	0.40595
05_z6_4418.6_s0.22	templ_cbp	737.76998	0.56100
05_z6_4418.6_s0.22	templ_cbp	737.93721	0.71812
05_z6_4418.6_s0.22	templ_cbp	738.10443	0.85606
05_z6_4418.6_s0.22	templ_cbp	738.27166	0.95473
05_z6_4418.6_s0.22	templ_cbp	738.43888	1.00000
05_z6_4418.6_s0.22	templ_cbp	738.60611	0.98693
05_z6_4418.6_s0.22	templ_cbp	738.77333	0.92039
05_z6_4418.6_s0.22	templ_cbp	738.94056	0.81296
05_z6_4418.6_s0.22	templ_cbp	739.10779	0.68159
05_z6_4418.6_s0.22	templ_cbp	739.27501	0.54329
05_z6_4418.6_s0.22	templ_cbp	739.44224	0.41241
05_z6_4418.6_s0.22	templ_cbp	739.60946	0.29847
05_z6_4418.6_s0.22	templ_cbp	739.77669	0.20620
05_z6_4418.6_s0.22	templ_cbp	739.94392	0.13609
05_z6_4418.6_s0.22	templ_cbp	740.11114	0.08589
05_z6_4418.6_s0.22	templ_cbp	740.27837	0.05185
05_z6_4418.6_s0.22	templ_off09	737.43553	0.33029
05_z6_4418.6_s0.22	templ_off09	737.58603	0.78589
05_z6_4418.6_s0.22	templ_off09	737.73653	1.00000
05_z6_4418.6_s0.22	templ_off09	737.88704	0.89605
05_z6_4418.6_s0.22	templ_off09	738.03754	0.63042
05_z6_4418.6_s0.22	templ_off09	738.18804	0.36896
05_z6_4418.6_s0.22	templ_off09	738.33855	0.18615
05_z6_4418.6_s0.22	templ_off09	738.48905	0.08292
05_z6_4418.6_s0.22	templ_off09	738.63955	0.03318
06_z5_4440.0_s0.25	observed_apex	889.41223	0.58431
06_z5_4440.0_s0.25	observed_apex	889.47260	0.46115
06_z5_4440.0_s0.25	observed_apex	889.50153	0.44348
06_z5_4440.0_s0.25	observed_apex	889.78876	0.97750
06_z5_4440.0_s0.25	observed_apex	890.41327	0.69925
06_z5_4440.0_s0.25	observed_apex	890.99164	0.47985
06_z5_4440.0_s0.25	observed_apex	891.92328	0.44845
06_z5_4440.0_s0.25	observed_apex	892.46356	0.64714
06_z5_4440.0_s0.25	observed_apex	892.81610	0.83801
06_z5_4440.0_s0.25	observed_apex	894.01440	1.00000
06_z5_4440.0_s0.25	templ_averagine	889.01089	0.32162
06_z5_4440.0_s0.25	templ_averagine	889.21156	0.77596
06_z5_4440.0_s0.25	templ_averagine	889.41223	1.00000
06_z5_4440.0_s0.25	templ_averagine	889.61290	0.90682
06_z5_4440.0_s0.25	templ_averagine	889.81357	0.64533
06_z5_4440.0_s0.25	templ_averagine	890.01425	0.38190
06_z5_4440.0_s0.25	templ_averagine	890.21492	0.19477
06_z5_4440.0_s0.25	templ_averagine	890.41559	0.08770
06_z5_4440.0_s0.25	templ_averagine	890.61626	0.03547
06_z5_4440.0_s0.25	templ_rotated	889.01089	0.38190
06_z5_4440.0_s0.25	templ_rotated	889.21156	0.19477
06_z5_4440.0_s0.25	templ_rotated	889.41223	0.08770
06_z5_4440.0_s0.25	templ_rotated	889.61290	0.03547
06_z5_4440.0_s0.25	templ_rotated	889.81357	0.32162
06_z5_4440.0_s0.25	templ_rotated	890.01425	0.77596
06_z5_4440.0_s0.25	templ_rotated	890.21492	1.00000
06_z5_4440.0_s0.25	templ_rotated	890.41559	0.90682
06_z5_4440.0_s0.25	templ_rotated	890.61626	0.64533
06_z5_4440.0_s0.25	templ_cbp	889.01089	0.27036
06_z5_4440.0_s0.25	templ_cbp	889.21156	0.40595
06_z5_4440.0_s0.25	templ_cbp	889.41223	0.56100
06_z5_4440.0_s0.25	templ_cbp	889.61290	0.71812
06_z5_4440.0_s0.25	templ_cbp	889.81357	0.85606
06_z5_4440.0_s0.25	templ_cbp	890.01425	0.95473
06_z5_4440.0_s0.25	templ_cbp	890.21492	1.00000
06_z5_4440.0_s0.25	templ_cbp	890.41559	0.98693
06_z5_4440.0_s0.25	templ_cbp	890.61626	0.92039
06_z5_4440.0_s0.25	templ_cbp	890.81693	0.81296
06_z5_4440.0_s0.25	templ_cbp	891.01760	0.68159
06_z5_4440.0_s0.25	templ_cbp	891.21827	0.54329
06_z5_4440.0_s0.25	templ_cbp	891.41894	0.41241
06_z5_4440.0_s0.25	templ_cbp	891.61961	0.29847
06_z5_4440.0_s0.25	templ_cbp	891.82028	0.20620
06_z5_4440.0_s0.25	templ_cbp	892.02095	0.13609
06_z5_4440.0_s0.25	templ_cbp	892.22163	0.08589
06_z5_4440.0_s0.25	templ_cbp	892.42230	0.05185
06_z5_4440.0_s0.25	templ_off09	889.01089	0.32162
06_z5_4440.0_s0.25	templ_off09	889.19149	0.77596
06_z5_4440.0_s0.25	templ_off09	889.37210	1.00000
06_z5_4440.0_s0.25	templ_off09	889.55270	0.90682
06_z5_4440.0_s0.25	templ_off09	889.73331	0.64533
06_z5_4440.0_s0.25	templ_off09	889.91391	0.38190
06_z5_4440.0_s0.25	templ_off09	890.09451	0.19477
06_z5_4440.0_s0.25	templ_off09	890.27512	0.08770
06_z5_4440.0_s0.25	templ_off09	890.45572	0.03547
07_z5_2739.3_s0.29	observed_apex	549.19806	0.16753
07_z5_2739.3_s0.29	observed_apex	549.23633	0.09165
07_z5_2739.3_s0.29	observed_apex	549.27332	0.16010
07_z5_2739.3_s0.29	observed_apex	549.34357	0.12032
07_z5_2739.3_s0.29	observed_apex	549.35730	0.08998
07_z5_2739.3_s0.29	observed_apex	550.00635	1.00000
07_z5_2739.3_s0.29	observed_apex	550.31238	0.12631
07_z5_2739.3_s0.29	observed_apex	550.34082	0.90309
07_z5_2739.3_s0.29	observed_apex	550.67474	0.26840
07_z5_2739.3_s0.29	observed_apex	551.25122	0.10418
07_z5_2739.3_s0.29	observed_apex	551.29034	0.10078
07_z5_2739.3_s0.29	observed_apex	551.38428	0.09229
07_z5_2739.3_s0.29	observed_apex	552.07617	0.17564
07_z5_2739.3_s0.29	observed_apex	552.27008	0.11234
07_z5_2739.3_s0.29	observed_apex	552.34814	0.50569
07_z5_2739.3_s0.29	observed_apex	552.85016	0.27383
07_z5_2739.3_s0.29	observed_apex	553.00055	0.09110
07_z5_2739.3_s0.29	observed_apex	553.30457	0.12009
07_z5_2739.3_s0.29	observed_apex	553.35229	0.17706
07_z5_2739.3_s0.29	templ_averagine	548.87197	0.67901
07_z5_2739.3_s0.29	templ_averagine	549.07265	1.00000
07_z5_2739.3_s0.29	templ_averagine	549.27332	0.81200
07_z5_2739.3_s0.29	templ_averagine	549.47399	0.47265
07_z5_2739.3_s0.29	templ_averagine	549.67466	0.21834
07_z5_2739.3_s0.29	templ_averagine	549.87533	0.08444
07_z5_2739.3_s0.29	templ_rotated	548.87197	0.47265
07_z5_2739.3_s0.29	templ_rotated	549.07265	0.21834
07_z5_2739.3_s0.29	templ_rotated	549.27332	0.08444
07_z5_2739.3_s0.29	templ_rotated	549.47399	0.67901
07_z5_2739.3_s0.29	templ_rotated	549.67466	1.00000
07_z5_2739.3_s0.29	templ_rotated	549.87533	0.81200
07_z5_2739.3_s0.29	templ_cbp	548.87197	0.47870
07_z5_2739.3_s0.29	templ_cbp	549.07265	0.68324
07_z5_2739.3_s0.29	templ_cbp	549.27332	0.86135
07_z5_2739.3_s0.29	templ_cbp	549.47399	0.97440
07_z5_2739.3_s0.29	templ_cbp	549.67466	1.00000
07_z5_2739.3_s0.29	templ_cbp	549.87533	0.93502
07_z5_2739.3_s0.29	templ_cbp	550.07600	0.80678
07_z5_2739.3_s0.29	templ_cbp	550.27667	0.63964
07_z5_2739.3_s0.29	templ_cbp	550.47734	0.47283
07_z5_2739.3_s0.29	templ_cbp	550.67801	0.32296
07_z5_2739.3_s0.29	templ_cbp	550.87868	0.20679
07_z5_2739.3_s0.29	templ_cbp	551.07936	0.12286
07_z5_2739.3_s0.29	templ_cbp	551.28003	0.06856
07_z5_2739.3_s0.29	templ_cbp	551.48070	0.03561
07_z5_2739.3_s0.29	templ_off09	548.87197	0.67901
07_z5_2739.3_s0.29	templ_off09	549.05258	1.00000
07_z5_2739.3_s0.29	templ_off09	549.23318	0.81200
07_z5_2739.3_s0.29	templ_off09	549.41379	0.47265
07_z5_2739.3_s0.29	templ_off09	549.59439	0.21834
07_z5_2739.3_s0.29	templ_off09	549.77499	0.08444
08_z4_3082.5_s0.32	observed_apex	771.88428	0.33141
08_z4_3082.5_s0.32	observed_apex	772.03638	0.51739
08_z4_3082.5_s0.32	observed_apex	772.07098	0.35606
08_z4_3082.5_s0.32	observed_apex	772.38464	0.33486
08_z4_3082.5_s0.32	observed_apex	772.40344	0.39924
08_z4_3082.5_s0.32	observed_apex	772.45813	0.50729
08_z4_3082.5_s0.32	observed_apex	774.04144	0.27775
08_z4_3082.5_s0.32	observed_apex	774.08405	0.73224
08_z4_3082.5_s0.32	observed_apex	774.10492	0.52227
08_z4_3082.5_s0.32	observed_apex	774.81232	1.00000
08_z4_3082.5_s0.32	observed_apex	775.12445	0.40754
08_z4_3082.5_s0.32	observed_apex	775.96289	0.31959
08_z4_3082.5_s0.32	observed_apex	776.15961	0.47265
08_z4_3082.5_s0.32	observed_apex	777.06171	0.30533
08_z4_3082.5_s0.32	observed_apex	777.34320	0.54029
08_z4_3082.5_s0.32	observed_apex	777.36444	0.51386
08_z4_3082.5_s0.32	observed_apex	777.73730	0.27161
08_z4_3082.5_s0.32	observed_apex	777.97437	0.28822
08_z4_3082.5_s0.32	templ_averagine	771.63213	0.59529
08_z4_3082.5_s0.32	templ_averagine	771.88297	1.00000
08_z4_3082.5_s0.32	templ_averagine	772.13380	0.91175
08_z4_3082.5_s0.32	templ_averagine	772.38464	0.59077
08_z4_3082.5_s0.32	templ_averagine	772.63548	0.30227
08_z4_3082.5_s0.32	templ_averagine	772.88632	0.12911
08_z4_3082.5_s0.32	templ_averagine	773.13716	0.04764
08_z4_3082.5_s0.32	templ_rotated	771.63213	0.30227
08_z4_3082.5_s0.32	templ_rotated	771.88297	0.12911
08_z4_3082.5_s0.32	templ_rotated	772.13380	0.04764
08_z4_3082.5_s0.32	templ_rotated	772.38464	0.59529
08_z4_3082.5_s0.32	templ_rotated	772.63548	1.00000
08_z4_3082.5_s0.32	templ_rotated	772.88632	0.91175
08_z4_3082.5_s0.32	templ_rotated	773.13716	0.59077
08_z4_3082.5_s0.32	templ_cbp	771.63213	0.43095
08_z4_3082.5_s0.32	templ_cbp	771.88297	0.62388
08_z4_3082.5_s0.32	templ_cbp	772.13380	0.80555
08_z4_3082.5_s0.32	templ_cbp	772.38464	0.93997
08_z4_3082.5_s0.32	templ_cbp	772.63548	1.00000
08_z4_3082.5_s0.32	templ_cbp	772.88632	0.97612
08_z4_3082.5_s0.32	templ_cbp	773.13716	0.88125
08_z4_3082.5_s0.32	templ_cbp	773.38800	0.73658
08_z4_3082.5_s0.32	templ_cbp	773.63884	0.57470
08_z4_3082.5_s0.32	templ_cbp	773.88967	0.41756
08_z4_3082.5_s0.32	templ_cbp	774.14051	0.28478
08_z4_3082.5_s0.32	templ_cbp	774.39135	0.18160
08_z4_3082.5_s0.32	templ_cbp	774.64219	0.10903
08_z4_3082.5_s0.32	templ_cbp	774.89303	0.06137
08_z4_3082.5_s0.32	templ_cbp	775.14387	0.03256
08_z4_3082.5_s0.32	templ_off09	771.63213	0.59529
08_z4_3082.5_s0.32	templ_off09	771.85788	1.00000
08_z4_3082.5_s0.32	templ_off09	772.08364	0.91175
08_z4_3082.5_s0.32	templ_off09	772.30939	0.59077
08_z4_3082.5_s0.32	templ_off09	772.53515	0.30227
08_z4_3082.5_s0.32	templ_off09	772.76090	0.12911
08_z4_3082.5_s0.32	templ_off09	772.98666	0.04764
09_z3_2055.0_s0.35	observed_apex	685.53802	0.16134
09_z3_2055.0_s0.35	observed_apex	685.73944	0.13053
09_z3_2055.0_s0.35	observed_apex	685.84210	1.00000
09_z3_2055.0_s0.35	observed_apex	685.93909	0.11566
09_z3_2055.0_s0.35	observed_apex	686.10938	0.03673
09_z3_2055.0_s0.35	observed_apex	686.14166	0.09511
09_z3_2055.0_s0.35	observed_apex	686.34332	0.57400
09_z3_2055.0_s0.35	observed_apex	686.67706	0.09118
09_z3_2055.0_s0.35	observed_apex	686.84491	0.13911
09_z3_2055.0_s0.35	observed_apex	687.15027	0.03408
09_z3_2055.0_s0.35	observed_apex	688.37854	0.05883
09_z3_2055.0_s0.35	observed_apex	689.38141	0.02743
09_z3_2055.0_s0.35	observed_apex	691.58191	0.02795
09_z3_2055.0_s0.35	observed_apex	692.33484	0.05304
09_z3_2055.0_s0.35	observed_apex	692.83539	0.05592
09_z3_2055.0_s0.35	observed_apex	693.08734	0.04498
09_z3_2055.0_s0.35	observed_apex	693.58154	0.06724
09_z3_2055.0_s0.35	templ_averagine	686.00816	0.90065
09_z3_2055.0_s0.35	templ_averagine	686.34261	1.00000
09_z3_2055.0_s0.35	templ_averagine	686.67706	0.64045
09_z3_2055.0_s0.35	templ_averagine	687.01151	0.29986
09_z3_2055.0_s0.35	templ_averagine	687.34597	0.11245
09_z3_2055.0_s0.35	templ_averagine	687.68042	0.03546
09_z3_2055.0_s0.35	templ_rotated	686.00816	0.29986
09_z3_2055.0_s0.35	templ_rotated	686.34261	0.11245
09_z3_2055.0_s0.35	templ_rotated	686.67706	0.03546
09_z3_2055.0_s0.35	templ_rotated	687.01151	0.90065
09_z3_2055.0_s0.35	templ_rotated	687.34597	1.00000
09_z3_2055.0_s0.35	templ_rotated	687.68042	0.64045
09_z3_2055.0_s0.35	templ_cbp	686.00816	0.62506
09_z3_2055.0_s0.35	templ_cbp	686.34261	0.85388
09_z3_2055.0_s0.35	templ_cbp	686.67706	0.99853
09_z3_2055.0_s0.35	templ_cbp	687.01151	1.00000
09_z3_2055.0_s0.35	templ_cbp	687.34597	0.91195
09_z3_2055.0_s0.35	templ_cbp	687.68042	0.71880
09_z3_2055.0_s0.35	templ_cbp	688.01487	0.53015
09_z3_2055.0_s0.35	templ_cbp	688.34932	0.34141
09_z3_2055.0_s0.35	templ_cbp	688.68377	0.20699
09_z3_2055.0_s0.35	templ_cbp	689.01822	0.11097
09_z3_2055.0_s0.35	templ_cbp	689.35268	0.05566
09_z3_2055.0_s0.35	templ_off09	686.00816	0.90065
09_z3_2055.0_s0.35	templ_off09	686.30917	1.00000
09_z3_2055.0_s0.35	templ_off09	686.61017	0.64045
09_z3_2055.0_s0.35	templ_off09	686.91118	0.29986
09_z3_2055.0_s0.35	templ_off09	687.21219	0.11245
09_z3_2055.0_s0.35	templ_off09	687.51319	0.03546
10_z3_1238.6_s0.39	observed_apex	413.48492	0.00082
10_z3_1238.6_s0.39	observed_apex	413.50070	0.00081
10_z3_1238.6_s0.39	observed_apex	413.68680	0.00082
10_z3_1238.6_s0.39	observed_apex	413.86456	0.00368
10_z3_1238.6_s0.39	observed_apex	413.88965	0.00128
10_z3_1238.6_s0.39	observed_apex	414.19901	0.00125
10_z3_1238.6_s0.39	observed_apex	414.23810	0.00115
10_z3_1238.6_s0.39	observed_apex	414.25027	0.00415
10_z3_1238.6_s0.39	observed_apex	414.27463	0.00088
10_z3_1238.6_s0.39	observed_apex	414.52786	0.00233
10_z3_1238.6_s0.39	observed_apex	414.68124	0.00110
10_z3_1238.6_s0.39	observed_apex	414.84473	0.00087
10_z3_1238.6_s0.39	observed_apex	414.85565	0.00848
10_z3_1238.6_s0.39	observed_apex	414.86234	0.00102
10_z3_1238.6_s0.39	observed_apex	414.93582	0.00094
10_z3_1238.6_s0.39	observed_apex	415.08975	0.00140
10_z3_1238.6_s0.39	observed_apex	415.16690	0.00108
10_z3_1238.6_s0.39	observed_apex	415.18954	0.00613
10_z3_1238.6_s0.39	observed_apex	415.19733	0.00124
10_z3_1238.6_s0.39	observed_apex	415.23505	0.00104
10_z3_1238.6_s0.39	observed_apex	415.52493	0.00126
10_z3_1238.6_s0.39	observed_apex	415.54608	0.00402
10_z3_1238.6_s0.39	observed_apex	415.70312	0.00084
10_z3_1238.6_s0.39	observed_apex	415.85486	0.00076
10_z3_1238.6_s0.39	observed_apex	415.85699	0.00070
10_z3_1238.6_s0.39	observed_apex	415.88068	0.00329
10_z3_1238.6_s0.39	observed_apex	416.03415	0.01099
10_z3_1238.6_s0.39	observed_apex	416.05347	0.00083
10_z3_1238.6_s0.39	observed_apex	416.19574	0.00097
10_z3_1238.6_s0.39	observed_apex	416.21512	0.01203
10_z3_1238.6_s0.39	observed_apex	416.22571	0.07638
10_z3_1238.6_s0.39	observed_apex	416.24261	0.00107
10_z3_1238.6_s0.39	observed_apex	416.25464	0.00099
10_z3_1238.6_s0.39	observed_apex	416.30148	0.00092
10_z3_1238.6_s0.39	observed_apex	416.51517	0.00092
10_z3_1238.6_s0.39	observed_apex	416.71637	0.00485
10_z3_1238.6_s0.39	observed_apex	416.72729	0.03177
10_z3_1238.6_s0.39	observed_apex	417.03848	0.00076
10_z3_1238.6_s0.39	observed_apex	417.10440	0.00124
10_z3_1238.6_s0.39	observed_apex	417.11270	0.00206
10_z3_1238.6_s0.39	observed_apex	417.12207	0.00151
10_z3_1238.6_s0.39	observed_apex	417.21078	0.00614
10_z3_1238.6_s0.39	observed_apex	417.21878	0.00105
10_z3_1238.6_s0.39	observed_apex	417.22873	0.00583
10_z3_1238.6_s0.39	observed_apex	417.23816	0.00174
10_z3_1238.6_s0.39	observed_apex	417.25003	0.00127
10_z3_1238.6_s0.39	observed_apex	417.32806	0.00078
10_z3_1238.6_s0.39	observed_apex	417.71307	0.00131
10_z3_1238.6_s0.39	observed_apex	417.73068	0.00107
10_z3_1238.6_s0.39	observed_apex	417.82458	0.00117
10_z3_1238.6_s0.39	observed_apex	418.02969	0.00141
10_z3_1238.6_s0.39	observed_apex	418.11536	0.00109
10_z3_1238.6_s0.39	observed_apex	418.23236	0.00116
10_z3_1238.6_s0.39	observed_apex	418.24091	0.00114
10_z3_1238.6_s0.39	observed_apex	418.70129	0.00321
10_z3_1238.6_s0.39	observed_apex	419.04791	0.00116
10_z3_1238.6_s0.39	observed_apex	419.09149	0.00138
10_z3_1238.6_s0.39	observed_apex	419.20895	0.00446
10_z3_1238.6_s0.39	observed_apex	419.21957	0.00112
10_z3_1238.6_s0.39	observed_apex	419.32040	0.00117
10_z3_1238.6_s0.39	observed_apex	419.41635	0.00085
10_z3_1238.6_s0.39	observed_apex	419.46976	0.00104
10_z3_1238.6_s0.39	observed_apex	419.69000	0.00090
10_z3_1238.6_s0.39	observed_apex	419.71072	0.00202
10_z3_1238.6_s0.39	observed_apex	419.86551	0.00130
10_z3_1238.6_s0.39	observed_apex	420.03168	0.00119
10_z3_1238.6_s0.39	observed_apex	420.16583	0.00095
10_z3_1238.6_s0.39	observed_apex	420.18597	0.00147
10_z3_1238.6_s0.39	observed_apex	420.68857	0.00154
10_z3_1238.6_s0.39	observed_apex	421.04626	0.00703
10_z3_1238.6_s0.39	observed_apex	421.04971	0.00428
10_z3_1238.6_s0.39	observed_apex	421.06311	1.00000
10_z3_1238.6_s0.39	observed_apex	421.07672	0.00355
10_z3_1238.6_s0.39	observed_apex	421.07980	0.00612
10_z3_1238.6_s0.39	observed_apex	421.08469	0.00341
10_z3_1238.6_s0.39	observed_apex	421.19031	0.00077
10_z3_1238.6_s0.39	observed_apex	421.19827	0.00515
10_z3_1238.6_s0.39	observed_apex	421.25159	0.00181
10_z3_1238.6_s0.39	observed_apex	421.55984	0.00105
10_z3_1238.6_s0.39	observed_apex	421.69736	0.00325
10_z3_1238.6_s0.39	observed_apex	421.70462	0.00101
10_z3_1238.6_s0.39	observed_apex	421.94894	0.00090
10_z3_1238.6_s0.39	observed_apex	422.04733	0.01190
10_z3_1238.6_s0.39	observed_apex	422.06610	0.12806
10_z3_1238.6_s0.39	observed_apex	422.18338	0.00458
10_z3_1238.6_s0.39	observed_apex	422.19867	0.00216
10_z3_1238.6_s0.39	observed_apex	422.23022	0.00391
10_z3_1238.6_s0.39	templ_averagine	413.86456	1.00000
10_z3_1238.6_s0.39	templ_averagine	414.19901	0.69166
10_z3_1238.6_s0.39	templ_averagine	414.53347	0.27069
10_z3_1238.6_s0.39	templ_averagine	414.86792	0.07694
10_z3_1238.6_s0.39	templ_rotated	413.86456	0.27069
10_z3_1238.6_s0.39	templ_rotated	414.19901	0.07694
10_z3_1238.6_s0.39	templ_rotated	414.53347	1.00000
10_z3_1238.6_s0.39	templ_rotated	414.86792	0.69166
10_z3_1238.6_s0.39	templ_cbp	413.86456	0.85265
10_z3_1238.6_s0.39	templ_cbp	414.19901	0.91749
10_z3_1238.6_s0.39	templ_cbp	414.53347	1.00000
10_z3_1238.6_s0.39	templ_cbp	414.86792	0.67462
10_z3_1238.6_s0.39	templ_cbp	415.20237	0.51847
10_z3_1238.6_s0.39	templ_cbp	415.53682	0.25642
10_z3_1238.6_s0.39	templ_cbp	415.87127	0.13764
10_z3_1238.6_s0.39	templ_cbp	416.20572	0.05234
10_z3_1238.6_s0.39	templ_off09	413.86456	1.00000
10_z3_1238.6_s0.39	templ_off09	414.16557	0.69166
10_z3_1238.6_s0.39	templ_off09	414.46658	0.27069
10_z3_1238.6_s0.39	templ_off09	414.76758	0.07694
11_z3_1820.9_s0.42	observed_apex	607.63904	0.09829
11_z3_1820.9_s0.42	observed_apex	607.87732	0.06298
11_z3_1820.9_s0.42	observed_apex	607.97351	0.07263
11_z3_1820.9_s0.42	observed_apex	608.27759	0.09685
11_z3_1820.9_s0.42	observed_apex	608.30951	0.77890
11_z3_1820.9_s0.42	observed_apex	608.34363	0.07837
11_z3_1820.9_s0.42	observed_apex	608.35651	0.06971
11_z3_1820.9_s0.42	observed_apex	608.37311	1.00000
11_z3_1820.9_s0.42	observed_apex	609.09802	0.10502
11_z3_1820.9_s0.42	observed_apex	609.27972	0.05979
11_z3_1820.9_s0.42	observed_apex	609.31238	0.22042
11_z3_1820.9_s0.42	observed_apex	609.37604	0.13023
11_z3_1820.9_s0.42	observed_apex	610.31183	0.06319
11_z3_1820.9_s0.42	observed_apex	610.32434	0.12034
11_z3_1820.9_s0.42	observed_apex	610.82697	0.08326
11_z3_1820.9_s0.42	observed_apex	610.84436	0.06977
11_z3_1820.9_s0.42	observed_apex	611.07507	0.07482
11_z3_1820.9_s0.42	observed_apex	611.11346	0.20954
11_z3_1820.9_s0.42	observed_apex	611.82123	0.08172
11_z3_1820.9_s0.42	observed_apex	611.83533	0.07262
11_z3_1820.9_s0.42	observed_apex	612.09717	0.12697
11_z3_1820.9_s0.42	observed_apex	612.11670	0.07934
11_z3_1820.9_s0.42	observed_apex	612.81488	0.07405
11_z3_1820.9_s0.42	observed_apex	613.12939	0.29004
11_z3_1820.9_s0.42	observed_apex	613.67957	0.08523
11_z3_1820.9_s0.42	observed_apex	613.84650	0.04998
11_z3_1820.9_s0.42	observed_apex	614.13293	0.11203
11_z3_1820.9_s0.42	observed_apex	614.69855	0.06442
11_z3_1820.9_s0.42	observed_apex	614.85211	0.21835
11_z3_1820.9_s0.42	observed_apex	615.03314	0.09562
11_z3_1820.9_s0.42	observed_apex	615.10449	0.10109
11_z3_1820.9_s0.42	observed_apex	615.35364	0.19040
11_z3_1820.9_s0.42	observed_apex	615.60236	0.06329
11_z3_1820.9_s0.42	observed_apex	616.37445	0.35990
11_z3_1820.9_s0.42	templ_averagine	607.97506	1.00000
11_z3_1820.9_s0.42	templ_averagine	608.30951	0.98821
11_z3_1820.9_s0.42	templ_averagine	608.64396	0.57742
11_z3_1820.9_s0.42	templ_averagine	608.97841	0.24859
11_z3_1820.9_s0.42	templ_averagine	609.31286	0.08596
11_z3_1820.9_s0.42	templ_rotated	607.97506	0.24859
11_z3_1820.9_s0.42	templ_rotated	608.30951	0.08596
11_z3_1820.9_s0.42	templ_rotated	608.64396	1.00000
11_z3_1820.9_s0.42	templ_rotated	608.97841	0.98821
11_z3_1820.9_s0.42	templ_rotated	609.31286	0.57742
11_z3_1820.9_s0.42	templ_cbp	607.97506	0.66973
11_z3_1820.9_s0.42	templ_cbp	608.30951	0.88283
11_z3_1820.9_s0.42	templ_cbp	608.64396	1.00000
11_z3_1820.9_s0.42	templ_cbp	608.97841	0.92659
11_z3_1820.9_s0.42	templ_cbp	609.31286	0.80355
11_z3_1820.9_s0.42	templ_cbp	609.64731	0.57321
11_z3_1820.9_s0.42	templ_cbp	609.98177	0.39306
11_z3_1820.9_s0.42	templ_cbp	610.31622	0.22547
11_z3_1820.9_s0.42	templ_cbp	610.65067	0.12362
11_z3_1820.9_s0.42	templ_cbp	610.98512	0.05806
11_z3_1820.9_s0.42	templ_off09	607.97506	1.00000
11_z3_1820.9_s0.42	templ_off09	608.27606	0.98821
11_z3_1820.9_s0.42	templ_off09	608.57707	0.57742
11_z3_1820.9_s0.42	templ_off09	608.87808	0.24859
11_z3_1820.9_s0.42	templ_off09	609.17908	0.08596
12_z5_6217.4_s0.45	observed_apex	1245.09387	0.87564
12_z5_6217.4_s0.45	observed_apex	1245.39453	0.58293
12_z5_6217.4_s0.45	observed_apex	1245.88550	0.57324
12_z5_6217.4_s0.45	observed_apex	1248.78333	0.81597
12_z5_6217.4_s0.45	observed_apex	1248.99158	1.00000
12_z5_6217.4_s0.45	observed_apex	1249.63867	0.46413
12_z5_6217.4_s0.45	templ_averagine	1244.49186	0.13882
12_z5_6217.4_s0.45	templ_averagine	1244.69253	0.46796
12_z5_6217.4_s0.45	templ_averagine	1244.89320	0.82250
12_z5_6217.4_s0.45	templ_averagine	1245.09387	1.00000
12_z5_6217.4_s0.45	templ_averagine	1245.29454	0.94228
12_z5_6217.4_s0.45	templ_averagine	1245.49521	0.73152
12_z5_6217.4_s0.45	templ_averagine	1245.69588	0.48601
12_z5_6217.4_s0.45	templ_averagine	1245.89656	0.28354
12_z5_6217.4_s0.45	templ_averagine	1246.09723	0.14798
12_z5_6217.4_s0.45	templ_averagine	1246.29790	0.07006
12_z5_6217.4_s0.45	templ_averagine	1246.49857	0.03042
12_z5_6217.4_s0.45	templ_rotated	1244.49186	0.48601
12_z5_6217.4_s0.45	templ_rotated	1244.69253	0.28354
12_z5_6217.4_s0.45	templ_rotated	1244.89320	0.14798
12_z5_6217.4_s0.45	templ_rotated	1245.09387	0.07006
12_z5_6217.4_s0.45	templ_rotated	1245.29454	0.03042
12_z5_6217.4_s0.45	templ_rotated	1245.49521	0.13882
12_z5_6217.4_s0.45	templ_rotated	1245.69588	0.46796
12_z5_6217.4_s0.45	templ_rotated	1245.89656	0.82250
12_z5_6217.4_s0.45	templ_rotated	1246.09723	1.00000
12_z5_6217.4_s0.45	templ_rotated	1246.29790	0.94228
12_z5_6217.4_s0.45	templ_rotated	1246.49857	0.73152
12_z5_6217.4_s0.45	templ_cbp	1244.49186	0.14814
12_z5_6217.4_s0.45	templ_cbp	1244.69253	0.22839
12_z5_6217.4_s0.45	templ_cbp	1244.89320	0.33082
12_z5_6217.4_s0.45	templ_cbp	1245.09387	0.45185
12_z5_6217.4_s0.45	templ_cbp	1245.29454	0.58384
12_z5_6217.4_s0.45	templ_cbp	1245.49521	0.71569
12_z5_6217.4_s0.45	templ_cbp	1245.69588	0.83442
12_z5_6217.4_s0.45	templ_cbp	1245.89656	0.92738
12_z5_6217.4_s0.45	templ_cbp	1246.09723	0.98447
12_z5_6217.4_s0.45	templ_cbp	1246.29790	1.00000
12_z5_6217.4_s0.45	templ_cbp	1246.49857	0.97351
12_z5_6217.4_s0.45	templ_cbp	1246.69924	0.90959
12_z5_6217.4_s0.45	templ_cbp	1246.89991	0.81671
12_z5_6217.4_s0.45	templ_cbp	1247.10058	0.70550
12_z5_6217.4_s0.45	templ_cbp	1247.30125	0.58693
12_z5_6217.4_s0.45	templ_cbp	1247.50192	0.47069
12_z5_6217.4_s0.45	templ_cbp	1247.70259	0.36415
12_z5_6217.4_s0.45	templ_cbp	1247.90326	0.27200
12_z5_6217.4_s0.45	templ_cbp	1248.10394	0.19628
12_z5_6217.4_s0.45	templ_cbp	1248.30461	0.13691
12_z5_6217.4_s0.45	templ_cbp	1248.50528	0.09236
12_z5_6217.4_s0.45	templ_cbp	1248.70595	0.06029
12_z5_6217.4_s0.45	templ_cbp	1248.90662	0.03809
12_z5_6217.4_s0.45	templ_off09	1244.49186	0.13882
12_z5_6217.4_s0.45	templ_off09	1244.67246	0.46796
12_z5_6217.4_s0.45	templ_off09	1244.85307	0.82250
12_z5_6217.4_s0.45	templ_off09	1245.03367	1.00000
12_z5_6217.4_s0.45	templ_off09	1245.21427	0.94228
12_z5_6217.4_s0.45	templ_off09	1245.39488	0.73152
12_z5_6217.4_s0.45	templ_off09	1245.57548	0.48601
12_z5_6217.4_s0.45	templ_off09	1245.75609	0.28354
12_z5_6217.4_s0.45	templ_off09	1245.93669	0.14798
12_z5_6217.4_s0.45	templ_off09	1246.11729	0.07006
12_z5_6217.4_s0.45	templ_off09	1246.29790	0.03042
13_z5_5579.8_s0.49	observed_apex	1116.71484	0.38997
13_z5_5579.8_s0.49	observed_apex	1117.09363	0.63313
13_z5_5579.8_s0.49	observed_apex	1117.35962	0.74548
13_z5_5579.8_s0.49	observed_apex	1117.64465	0.50110
13_z5_5579.8_s0.49	observed_apex	1117.67444	0.40834
13_z5_5579.8_s0.49	observed_apex	1117.71777	0.23124
13_z5_5579.8_s0.49	observed_apex	1117.76428	0.63830
13_z5_5579.8_s0.49	observed_apex	1118.41370	0.27578
13_z5_5579.8_s0.49	observed_apex	1118.50439	0.42150
13_z5_5579.8_s0.49	observed_apex	1118.67859	0.32623
13_z5_5579.8_s0.49	observed_apex	1119.15027	0.33684
13_z5_5579.8_s0.49	observed_apex	1119.36011	1.00000
13_z5_5579.8_s0.49	observed_apex	1121.42615	0.48183
13_z5_5579.8_s0.49	templ_averagine	1116.95828	0.19159
13_z5_5579.8_s0.49	templ_averagine	1117.15895	0.57641
13_z5_5579.8_s0.49	templ_averagine	1117.35962	0.91047
13_z5_5579.8_s0.49	templ_averagine	1117.56029	1.00000
13_z5_5579.8_s0.49	templ_averagine	1117.76096	0.85462
13_z5_5579.8_s0.49	templ_averagine	1117.96163	0.60361
13_z5_5579.8_s0.49	templ_averagine	1118.16230	0.36572
13_z5_5579.8_s0.49	templ_averagine	1118.36297	0.19495
13_z5_5579.8_s0.49	templ_averagine	1118.56364	0.09310
13_z5_5579.8_s0.49	templ_averagine	1118.76432	0.04038
13_z5_5579.8_s0.49	templ_rotated	1116.95828	0.60361
13_z5_5579.8_s0.49	templ_rotated	1117.15895	0.36572
13_z5_5579.8_s0.49	templ_rotated	1117.35962	0.19495
13_z5_5579.8_s0.49	templ_rotated	1117.56029	0.09310
13_z5_5579.8_s0.49	templ_rotated	1117.76096	0.04038
13_z5_5579.8_s0.49	templ_rotated	1117.96163	0.19159
13_z5_5579.8_s0.49	templ_rotated	1118.16230	0.57641
13_z5_5579.8_s0.49	templ_rotated	1118.36297	0.91047
13_z5_5579.8_s0.49	templ_rotated	1118.56364	1.00000
13_z5_5579.8_s0.49	templ_rotated	1118.76432	0.85462
13_z5_5579.8_s0.49	templ_cbp	1116.95828	0.19068
13_z5_5579.8_s0.49	templ_cbp	1117.15895	0.29249
13_z5_5579.8_s0.49	templ_cbp	1117.35962	0.41784
13_z5_5579.8_s0.49	templ_cbp	1117.56029	0.55859
13_z5_5579.8_s0.49	templ_cbp	1117.76096	0.70165
13_z5_5579.8_s0.49	templ_cbp	1117.96163	0.83111
13_z5_5579.8_s0.49	templ_cbp	1118.16230	0.93123
13_z5_5579.8_s0.49	templ_cbp	1118.36297	0.98967
13_z5_5579.8_s0.49	templ_cbp	1118.56364	1.00000
13_z5_5579.8_s0.49	templ_cbp	1118.76432	0.96269
13_z5_5579.8_s0.49	templ_cbp	1118.96499	0.88460
13_z5_5579.8_s0.49	templ_cbp	1119.16566	0.77711
13_z5_5579.8_s0.49	templ_cbp	1119.36633	0.65361
13_z5_5579.8_s0.49	templ_cbp	1119.56700	0.52697
13_z5_5579.8_s0.49	templ_cbp	1119.76767	0.40773
13_z5_5579.8_s0.49	templ_cbp	1119.96834	0.30305
13_z5_5579.8_s0.49	templ_cbp	1120.16901	0.21655
13_z5_5579.8_s0.49	templ_cbp	1120.36968	0.14888
13_z5_5579.8_s0.49	templ_cbp	1120.57035	0.09855
13_z5_5579.8_s0.49	templ_cbp	1120.77102	0.06284
13_z5_5579.8_s0.49	templ_cbp	1120.97170	0.03862
13_z5_5579.8_s0.49	templ_off09	1116.95828	0.19159
13_z5_5579.8_s0.49	templ_off09	1117.13888	0.57641
13_z5_5579.8_s0.49	templ_off09	1117.31948	0.91047
13_z5_5579.8_s0.49	templ_off09	1117.50009	1.00000
13_z5_5579.8_s0.49	templ_off09	1117.68069	0.85462
13_z5_5579.8_s0.49	templ_off09	1117.86130	0.60361
13_z5_5579.8_s0.49	templ_off09	1118.04190	0.36572
13_z5_5579.8_s0.49	templ_off09	1118.22250	0.19495
13_z5_5579.8_s0.49	templ_off09	1118.40311	0.09310
13_z5_5579.8_s0.49	templ_off09	1118.58371	0.04038
14_z3_2138.5_s0.53	observed_apex	713.62030	0.17957
14_z3_2138.5_s0.53	observed_apex	713.64996	0.20375
14_z3_2138.5_s0.53	observed_apex	713.72778	0.13066
14_z3_2138.5_s0.53	observed_apex	713.84332	0.42229
14_z3_2138.5_s0.53	observed_apex	713.95270	1.00000
14_z3_2138.5_s0.53	observed_apex	713.98297	0.17328
14_z3_2138.5_s0.53	observed_apex	714.06616	0.17896
14_z3_2138.5_s0.53	observed_apex	714.17505	0.57640
14_z3_2138.5_s0.53	observed_apex	714.28601	0.13918
14_z3_2138.5_s0.53	observed_apex	714.37726	0.10591
14_z3_2138.5_s0.53	observed_apex	714.40002	0.09688
14_z3_2138.5_s0.53	observed_apex	714.51099	0.16292
14_z3_2138.5_s0.53	observed_apex	714.61920	0.14528
14_z3_2138.5_s0.53	observed_apex	714.81677	0.20290
14_z3_2138.5_s0.53	observed_apex	716.17804	0.09057
14_z3_2138.5_s0.53	observed_apex	716.19611	0.11068
14_z3_2138.5_s0.53	observed_apex	716.48975	0.13926
14_z3_2138.5_s0.53	observed_apex	717.06354	0.10528
14_z3_2138.5_s0.53	observed_apex	718.06238	0.10377
14_z3_2138.5_s0.53	observed_apex	718.49689	0.20246
14_z3_2138.5_s0.53	observed_apex	718.61603	0.11146
14_z3_2138.5_s0.53	observed_apex	718.98553	0.17834
14_z3_2138.5_s0.53	observed_apex	719.20007	0.08752
14_z3_2138.5_s0.53	observed_apex	719.31403	0.12565
14_z3_2138.5_s0.53	observed_apex	719.50311	0.14913
14_z3_2138.5_s0.53	observed_apex	719.69702	0.11811
14_z3_2138.5_s0.53	observed_apex	720.03986	0.11237
14_z3_2138.5_s0.53	observed_apex	720.37476	0.12551
14_z3_2138.5_s0.53	observed_apex	720.40393	0.12404
14_z3_2138.5_s0.53	observed_apex	720.77045	0.09268
14_z3_2138.5_s0.53	observed_apex	721.12817	0.13057
14_z3_2138.5_s0.53	observed_apex	721.39594	0.09822
14_z3_2138.5_s0.53	observed_apex	721.81836	0.09148
14_z3_2138.5_s0.53	observed_apex	722.39514	0.12993
14_z3_2138.5_s0.53	templ_averagine	713.84060	0.87174
14_z3_2138.5_s0.53	templ_averagine	714.17505	1.00000
14_z3_2138.5_s0.53	templ_averagine	714.50950	0.65776
14_z3_2138.5_s0.53	templ_averagine	714.84395	0.31560
14_z3_2138.5_s0.53	templ_averagine	715.17840	0.12119
14_z3_2138.5_s0.53	templ_averagine	715.51285	0.03911
14_z3_2138.5_s0.53	templ_rotated	713.84060	0.31560
14_z3_2138.5_s0.53	templ_rotated	714.17505	0.12119
14_z3_2138.5_s0.53	templ_rotated	714.50950	0.03911
14_z3_2138.5_s0.53	templ_rotated	714.84395	0.87174
14_z3_2138.5_s0.53	templ_rotated	715.17840	1.00000
14_z3_2138.5_s0.53	templ_rotated	715.51285	0.65776
14_z3_2138.5_s0.53	templ_cbp	713.84060	0.58018
14_z3_2138.5_s0.53	templ_cbp	714.17505	0.80179
14_z3_2138.5_s0.53	templ_cbp	714.50950	0.95637
14_z3_2138.5_s0.53	templ_cbp	714.84395	1.00000
14_z3_2138.5_s0.53	templ_cbp	715.17840	0.94576
14_z3_2138.5_s0.53	templ_cbp	715.51285	0.79205
14_z3_2138.5_s0.53	templ_cbp	715.84731	0.61581
14_z3_2138.5_s0.53	templ_cbp	716.18176	0.42662
14_z3_2138.5_s0.53	templ_cbp	716.51621	0.27750
14_z3_2138.5_s0.53	templ_cbp	716.85066	0.16193
14_z3_2138.5_s0.53	templ_cbp	717.18511	0.08881
14_z3_2138.5_s0.53	templ_cbp	717.51956	0.04403
14_z3_2138.5_s0.53	templ_off09	713.84060	0.87174
14_z3_2138.5_s0.53	templ_off09	714.14160	1.00000
14_z3_2138.5_s0.53	templ_off09	714.44261	0.65776
14_z3_2138.5_s0.53	templ_off09	714.74362	0.31560
14_z3_2138.5_s0.53	templ_off09	715.04462	0.12119
14_z3_2138.5_s0.53	templ_off09	715.34563	0.03911
15_z4_2783.3_s0.57	observed_apex	696.85876	0.01678
15_z4_2783.3_s0.57	observed_apex	697.08490	0.03167
15_z4_2783.3_s0.57	observed_apex	698.79242	0.01726
15_z4_2783.3_s0.57	observed_apex	699.00287	0.78071
15_z4_2783.3_s0.57	observed_apex	699.29102	0.02750
15_z4_2783.3_s0.57	observed_apex	699.33722	1.00000
15_z4_2783.3_s0.57	observed_apex	699.65704	0.00968
15_z4_2783.3_s0.57	observed_apex	699.67151	0.48134
15_z4_2783.3_s0.57	observed_apex	699.83002	0.01599
15_z4_2783.3_s0.57	observed_apex	699.96075	0.04102
15_z4_2783.3_s0.57	observed_apex	700.00555	0.26052
15_z4_2783.3_s0.57	observed_apex	700.29419	0.06562
15_z4_2783.3_s0.57	observed_apex	700.33966	0.06118
15_z4_2783.3_s0.57	observed_apex	700.62762	0.02348
15_z4_2783.3_s0.57	observed_apex	700.96759	0.02317
15_z4_2783.3_s0.57	observed_apex	701.29858	0.03055
15_z4_2783.3_s0.57	observed_apex	702.12555	0.02141
15_z4_2783.3_s0.57	observed_apex	703.33270	0.05959
15_z4_2783.3_s0.57	templ_averagine	696.83406	0.66718
15_z4_2783.3_s0.57	templ_averagine	697.08490	1.00000
15_z4_2783.3_s0.57	templ_averagine	697.33574	0.82503
15_z4_2783.3_s0.57	templ_averagine	697.58658	0.48752
15_z4_2783.3_s0.57	templ_averagine	697.83742	0.22853
15_z4_2783.3_s0.57	templ_averagine	698.08826	0.08968
15_z4_2783.3_s0.57	templ_averagine	698.33909	0.03045
15_z4_2783.3_s0.57	templ_rotated	696.83406	0.22853
15_z4_2783.3_s0.57	templ_rotated	697.08490	0.08968
15_z4_2783.3_s0.57	templ_rotated	697.33574	0.03045
15_z4_2783.3_s0.57	templ_rotated	697.58658	0.66718
15_z4_2783.3_s0.57	templ_rotated	697.83742	1.00000
15_z4_2783.3_s0.57	templ_rotated	698.08826	0.82503
15_z4_2783.3_s0.57	templ_rotated	698.33909	0.48752
15_z4_2783.3_s0.57	templ_cbp	696.83406	0.47870
15_z4_2783.3_s0.57	templ_cbp	697.08490	0.68324
15_z4_2783.3_s0.57	templ_cbp	697.33574	0.86135
15_z4_2783.3_s0.57	templ_cbp	697.58658	0.97440
15_z4_2783.3_s0.57	templ_cbp	697.83742	1.00000
15_z4_2783.3_s0.57	templ_cbp	698.08826	0.93502
15_z4_2783.3_s0.57	templ_cbp	698.33909	0.80678
15_z4_2783.3_s0.57	templ_cbp	698.58993	0.63964
15_z4_2783.3_s0.57	templ_cbp	698.84077	0.47283
15_z4_2783.3_s0.57	templ_cbp	699.09161	0.32296
15_z4_2783.3_s0.57	templ_cbp	699.34245	0.20679
15_z4_2783.3_s0.57	templ_cbp	699.59329	0.12286
15_z4_2783.3_s0.57	templ_cbp	699.84413	0.06856
15_z4_2783.3_s0.57	templ_cbp	700.09496	0.03561
15_z4_2783.3_s0.57	templ_off09	696.83406	0.66718
15_z4_2783.3_s0.57	templ_off09	697.05982	1.00000
15_z4_2783.3_s0.57	templ_off09	697.28557	0.82503
15_z4_2783.3_s0.57	templ_off09	697.51133	0.48752
15_z4_2783.3_s0.57	templ_off09	697.73708	0.22853
15_z4_2783.3_s0.57	templ_off09	697.96284	0.08968
15_z4_2783.3_s0.57	templ_off09	698.18859	0.03045
16_z6_7266.2_s0.61	observed_apex	1211.92407	0.68174
16_z6_7266.2_s0.61	observed_apex	1212.08447	0.51924
16_z6_7266.2_s0.61	observed_apex	1212.25488	0.40721
16_z6_7266.2_s0.61	observed_apex	1212.54736	0.67568
16_z6_7266.2_s0.61	observed_apex	1212.62817	0.60431
16_z6_7266.2_s0.61	observed_apex	1212.71570	0.43129
16_z6_7266.2_s0.61	observed_apex	1212.88501	0.70283
16_z6_7266.2_s0.61	observed_apex	1213.80151	0.49014
16_z6_7266.2_s0.61	observed_apex	1213.90576	0.39100
16_z6_7266.2_s0.61	observed_apex	1214.21399	0.66358
16_z6_7266.2_s0.61	observed_apex	1214.27100	0.55460
16_z6_7266.2_s0.61	observed_apex	1214.31677	0.54070
16_z6_7266.2_s0.61	observed_apex	1214.43066	0.44580
16_z6_7266.2_s0.61	observed_apex	1214.46350	1.00000
16_z6_7266.2_s0.61	observed_apex	1215.13477	0.47585
16_z6_7266.2_s0.61	observed_apex	1215.79968	0.69844
16_z6_7266.2_s0.61	observed_apex	1215.96460	0.54386
16_z6_7266.2_s0.61	observed_apex	1216.15466	0.73735
16_z6_7266.2_s0.61	templ_averagine	1212.04569	0.08004
16_z6_7266.2_s0.61	templ_averagine	1212.21291	0.31517
16_z6_7266.2_s0.61	templ_averagine	1212.38014	0.64565
16_z6_7266.2_s0.61	templ_averagine	1212.54736	0.91334
16_z6_7266.2_s0.61	templ_averagine	1212.71459	1.00000
16_z6_7266.2_s0.61	templ_averagine	1212.88182	0.90113
16_z6_7266.2_s0.61	templ_averagine	1213.04904	0.69437
16_z6_7266.2_s0.61	templ_averagine	1213.21627	0.46955
16_z6_7266.2_s0.61	templ_averagine	1213.38349	0.28390
16_z6_7266.2_s0.61	templ_averagine	1213.55072	0.15566
16_z6_7266.2_s0.61	templ_averagine	1213.71794	0.07824
16_z6_7266.2_s0.61	templ_averagine	1213.88517	0.03637
16_z6_7266.2_s0.61	templ_rotated	1212.04569	0.69437
16_z6_7266.2_s0.61	templ_rotated	1212.21291	0.46955
16_z6_7266.2_s0.61	templ_rotated	1212.38014	0.28390
16_z6_7266.2_s0.61	templ_rotated	1212.54736	0.15566
16_z6_7266.2_s0.61	templ_rotated	1212.71459	0.07824
16_z6_7266.2_s0.61	templ_rotated	1212.88182	0.03637
16_z6_7266.2_s0.61	templ_rotated	1213.04904	0.08004
16_z6_7266.2_s0.61	templ_rotated	1213.21627	0.31517
16_z6_7266.2_s0.61	templ_rotated	1213.38349	0.64565
16_z6_7266.2_s0.61	templ_rotated	1213.55072	0.91334
16_z6_7266.2_s0.61	templ_rotated	1213.71794	1.00000
16_z6_7266.2_s0.61	templ_rotated	1213.88517	0.90113
16_z6_7266.2_s0.61	templ_cbp	1212.04569	0.10723
16_z6_7266.2_s0.61	templ_cbp	1212.21291	0.16713
16_z6_7266.2_s0.61	templ_cbp	1212.38014	0.24645
16_z6_7266.2_s0.61	templ_cbp	1212.54736	0.34477
16_z6_7266.2_s0.61	templ_cbp	1212.71459	0.45879
16_z6_7266.2_s0.61	templ_cbp	1212.88182	0.58208
16_z6_7266.2_s0.61	templ_cbp	1213.04904	0.70557
16_z6_7266.2_s0.61	templ_cbp	1213.21627	0.81869
16_z6_7266.2_s0.61	templ_cbp	1213.38349	0.91086
16_z6_7266.2_s0.61	templ_cbp	1213.55072	0.97322
16_z6_7266.2_s0.61	templ_cbp	1213.71794	1.00000
16_z6_7266.2_s0.61	templ_cbp	1213.88517	0.98939
16_z6_7266.2_s0.61	templ_cbp	1214.05240	0.94366
16_z6_7266.2_s0.61	templ_cbp	1214.21962	0.86854
16_z6_7266.2_s0.61	templ_cbp	1214.38685	0.77215
16_z6_7266.2_s0.61	templ_cbp	1214.55407	0.66363
16_z6_7266.2_s0.61	templ_cbp	1214.72130	0.55182
16_z6_7266.2_s0.61	templ_cbp	1214.88853	0.44424
16_z6_7266.2_s0.61	templ_cbp	1215.05575	0.34648
16_z6_7266.2_s0.61	templ_cbp	1215.22298	0.26195
16_z6_7266.2_s0.61	templ_cbp	1215.39020	0.19208
16_z6_7266.2_s0.61	templ_cbp	1215.55743	0.13667
16_z6_7266.2_s0.61	templ_cbp	1215.72465	0.09440
16_z6_7266.2_s0.61	templ_cbp	1215.89188	0.06332
16_z6_7266.2_s0.61	templ_off09	1212.04569	0.08004
16_z6_7266.2_s0.61	templ_off09	1212.19619	0.31517
16_z6_7266.2_s0.61	templ_off09	1212.34669	0.64565
16_z6_7266.2_s0.61	templ_off09	1212.49720	0.91334
16_z6_7266.2_s0.61	templ_off09	1212.64770	1.00000
16_z6_7266.2_s0.61	templ_off09	1212.79820	0.90113
16_z6_7266.2_s0.61	templ_off09	1212.94871	0.69437
16_z6_7266.2_s0.61	templ_off09	1213.09921	0.46955
16_z6_7266.2_s0.61	templ_off09	1213.24971	0.28390
16_z6_7266.2_s0.61	templ_off09	1213.40022	0.15566
16_z6_7266.2_s0.61	templ_off09	1213.55072	0.07824
16_z6_7266.2_s0.61	templ_off09	1213.70122	0.03637
17_z5_2084.1_s0.66	observed_apex	417.71191	0.00297
17_z5_2084.1_s0.66	observed_apex	418.02972	0.00309
17_z5_2084.1_s0.66	observed_apex	419.04761	0.00234
17_z5_2084.1_s0.66	observed_apex	420.05542	0.00131
17_z5_2084.1_s0.66	observed_apex	420.18570	0.00145
17_z5_2084.1_s0.66	observed_apex	420.32297	0.00122
17_z5_2084.1_s0.66	observed_apex	420.63260	0.00165
17_z5_2084.1_s0.66	observed_apex	420.85980	0.00317
17_z5_2084.1_s0.66	observed_apex	421.04611	0.00602
17_z5_2084.1_s0.66	observed_apex	421.06293	1.00000
17_z5_2084.1_s0.66	observed_apex	421.07593	0.00546
17_z5_2084.1_s0.66	observed_apex	421.07977	0.00666
17_z5_2084.1_s0.66	observed_apex	421.19846	0.00210
17_z5_2084.1_s0.66	observed_apex	421.54169	0.00218
17_z5_2084.1_s0.66	observed_apex	422.04709	0.00951
17_z5_2084.1_s0.66	observed_apex	422.06604	0.12583
17_z5_2084.1_s0.66	templ_averagine	417.82905	0.90065
17_z5_2084.1_s0.66	templ_averagine	418.02972	1.00000
17_z5_2084.1_s0.66	templ_averagine	418.23039	0.64045
17_z5_2084.1_s0.66	templ_averagine	418.43107	0.29986
17_z5_2084.1_s0.66	templ_averagine	418.63174	0.11245
17_z5_2084.1_s0.66	templ_averagine	418.83241	0.03546
17_z5_2084.1_s0.66	templ_rotated	417.82905	0.29986
17_z5_2084.1_s0.66	templ_rotated	418.02972	0.11245
17_z5_2084.1_s0.66	templ_rotated	418.23039	0.03546
17_z5_2084.1_s0.66	templ_rotated	418.43107	0.90065
17_z5_2084.1_s0.66	templ_rotated	418.63174	1.00000
17_z5_2084.1_s0.66	templ_rotated	418.83241	0.64045
17_z5_2084.1_s0.66	templ_cbp	417.82905	0.62506
17_z5_2084.1_s0.66	templ_cbp	418.02972	0.85388
17_z5_2084.1_s0.66	templ_cbp	418.23039	0.99853
17_z5_2084.1_s0.66	templ_cbp	418.43107	1.00000
17_z5_2084.1_s0.66	templ_cbp	418.63174	0.91195
17_z5_2084.1_s0.66	templ_cbp	418.83241	0.71880
17_z5_2084.1_s0.66	templ_cbp	419.03308	0.53015
17_z5_2084.1_s0.66	templ_cbp	419.23375	0.34141
17_z5_2084.1_s0.66	templ_cbp	419.43442	0.20699
17_z5_2084.1_s0.66	templ_cbp	419.63509	0.11097
17_z5_2084.1_s0.66	templ_cbp	419.83576	0.05566
17_z5_2084.1_s0.66	templ_off09	417.82905	0.90065
17_z5_2084.1_s0.66	templ_off09	418.00966	1.00000
17_z5_2084.1_s0.66	templ_off09	418.19026	0.64045
17_z5_2084.1_s0.66	templ_off09	418.37086	0.29986
17_z5_2084.1_s0.66	templ_off09	418.55147	0.11245
17_z5_2084.1_s0.66	templ_off09	418.73207	0.03546
18_z4_4683.3_s0.72	observed_apex	1171.59668	0.17542
18_z4_4683.3_s0.72	observed_apex	1172.10693	0.18845
18_z4_4683.3_s0.72	observed_apex	1172.33984	0.44968
18_z4_4683.3_s0.72	observed_apex	1172.59448	0.26119
18_z4_4683.3_s0.72	observed_apex	1172.84375	0.28993
18_z4_4683.3_s0.72	observed_apex	1173.09692	0.28410
18_z4_4683.3_s0.72	observed_apex	1173.34570	0.76587
18_z4_4683.3_s0.72	observed_apex	1173.59680	1.00000
18_z4_4683.3_s0.72	observed_apex	1173.84680	0.92491
18_z4_4683.3_s0.72	observed_apex	1174.09644	0.72951
18_z4_4683.3_s0.72	observed_apex	1174.34656	0.70332
18_z4_4683.3_s0.72	observed_apex	1174.59851	0.17451
18_z4_4683.3_s0.72	observed_apex	1174.84863	0.13752
18_z4_4683.3_s0.72	observed_apex	1175.09705	0.13560
18_z4_4683.3_s0.72	observed_apex	1175.34473	0.11427
18_z4_4683.3_s0.72	observed_apex	1176.09644	0.09696
18_z4_4683.3_s0.72	observed_apex	1176.33728	0.22847
18_z4_4683.3_s0.72	observed_apex	1176.59937	0.12846
18_z4_4683.3_s0.72	observed_apex	1177.09119	0.38683
18_z4_4683.3_s0.72	observed_apex	1177.34399	0.50395
18_z4_4683.3_s0.72	observed_apex	1177.59558	0.60213
18_z4_4683.3_s0.72	observed_apex	1177.84814	0.32365
18_z4_4683.3_s0.72	observed_apex	1178.09644	0.52776
18_z4_4683.3_s0.72	observed_apex	1178.34570	0.27349
18_z4_4683.3_s0.72	templ_averagine	1171.83817	0.29502
18_z4_4683.3_s0.72	templ_averagine	1172.08901	0.74463
18_z4_4683.3_s0.72	templ_averagine	1172.33984	1.00000
18_z4_4683.3_s0.72	templ_averagine	1172.59068	0.94257
18_z4_4683.3_s0.72	templ_averagine	1172.84152	0.69599
18_z4_4683.3_s0.72	templ_averagine	1173.09236	0.42684
18_z4_4683.3_s0.72	templ_averagine	1173.34320	0.22540
18_z4_4683.3_s0.72	templ_averagine	1173.59404	0.10502
18_z4_4683.3_s0.72	templ_averagine	1173.84488	0.04393
18_z4_4683.3_s0.72	templ_rotated	1171.83817	0.42684
18_z4_4683.3_s0.72	templ_rotated	1172.08901	0.22540
18_z4_4683.3_s0.72	templ_rotated	1172.33984	0.10502
18_z4_4683.3_s0.72	templ_rotated	1172.59068	0.04393
18_z4_4683.3_s0.72	templ_rotated	1172.84152	0.29502
18_z4_4683.3_s0.72	templ_rotated	1173.09236	0.74463
18_z4_4683.3_s0.72	templ_rotated	1173.34320	1.00000
18_z4_4683.3_s0.72	templ_rotated	1173.59404	0.94257
18_z4_4683.3_s0.72	templ_rotated	1173.84488	0.69599
18_z4_4683.3_s0.72	templ_cbp	1171.83817	0.26203
18_z4_4683.3_s0.72	templ_cbp	1172.08901	0.39548
18_z4_4683.3_s0.72	templ_cbp	1172.33984	0.54936
18_z4_4683.3_s0.72	templ_cbp	1172.59068	0.70688
18_z4_4683.3_s0.72	templ_cbp	1172.84152	0.84707
18_z4_4683.3_s0.72	templ_cbp	1173.09236	0.94968
18_z4_4683.3_s0.72	templ_cbp	1173.34320	1.00000
18_z4_4683.3_s0.72	templ_cbp	1173.59404	0.99224
18_z4_4683.3_s0.72	templ_cbp	1173.84488	0.93039
18_z4_4683.3_s0.72	templ_cbp	1174.09571	0.82636
18_z4_4683.3_s0.72	templ_cbp	1174.34655	0.69674
18_z4_4683.3_s0.72	templ_cbp	1174.59739	0.55858
18_z4_4683.3_s0.72	templ_cbp	1174.84823	0.42652
18_z4_4683.3_s0.72	templ_cbp	1175.09907	0.31056
18_z4_4683.3_s0.72	templ_cbp	1175.34991	0.21589
18_z4_4683.3_s0.72	templ_cbp	1175.60075	0.14340
18_z4_4683.3_s0.72	templ_cbp	1175.85159	0.09110
18_z4_4683.3_s0.72	templ_cbp	1176.10242	0.05538
18_z4_4683.3_s0.72	templ_cbp	1176.35326	0.03224
18_z4_4683.3_s0.72	templ_off09	1171.83817	0.29502
18_z4_4683.3_s0.72	templ_off09	1172.06392	0.74463
18_z4_4683.3_s0.72	templ_off09	1172.28968	1.00000
18_z4_4683.3_s0.72	templ_off09	1172.51543	0.94257
18_z4_4683.3_s0.72	templ_off09	1172.74119	0.69599
18_z4_4683.3_s0.72	templ_off09	1172.96694	0.42684
18_z4_4683.3_s0.72	templ_off09	1173.19270	0.22540
18_z4_4683.3_s0.72	templ_off09	1173.41845	0.10502
18_z4_4683.3_s0.72	templ_off09	1173.64421	0.04393
19_z2_1092.4_s0.81	observed_apex	547.16931	0.10671
19_z2_1092.4_s0.81	observed_apex	547.20502	0.21309
19_z2_1092.4_s0.81	observed_apex	547.24158	0.08718
19_z2_1092.4_s0.81	observed_apex	547.70654	0.10984
19_z2_1092.4_s0.81	observed_apex	548.19031	0.09569
19_z2_1092.4_s0.81	observed_apex	548.73224	0.09393
19_z2_1092.4_s0.81	observed_apex	549.22107	0.15818
19_z2_1092.4_s0.81	observed_apex	549.70337	0.08284
19_z2_1092.4_s0.81	observed_apex	550.16858	0.11273
19_z2_1092.4_s0.81	observed_apex	550.20410	0.13288
19_z2_1092.4_s0.81	observed_apex	550.81171	0.11190
19_z2_1092.4_s0.81	observed_apex	555.20972	0.17708
19_z2_1092.4_s0.81	observed_apex	557.71552	0.10569
19_z2_1092.4_s0.81	observed_apex	558.17255	0.11713
19_z2_1092.4_s0.81	observed_apex	558.96155	0.11125
19_z2_1092.4_s0.81	observed_apex	559.20490	0.10557
19_z2_1092.4_s0.81	observed_apex	559.31451	1.00000
19_z2_1092.4_s0.81	observed_apex	559.81573	0.80276
19_z2_1092.4_s0.81	observed_apex	560.15332	0.10176
19_z2_1092.4_s0.81	observed_apex	560.22601	0.11951
19_z2_1092.4_s0.81	observed_apex	560.23755	0.13659
19_z2_1092.4_s0.81	templ_averagine	547.20502	1.00000
19_z2_1092.4_s0.81	templ_averagine	547.70669	0.59580
19_z2_1092.4_s0.81	templ_averagine	548.20837	0.20535
19_z2_1092.4_s0.81	templ_averagine	548.71005	0.05186
19_z2_1092.4_s0.81	templ_rotated	547.20502	0.20535
19_z2_1092.4_s0.81	templ_rotated	547.70669	0.05186
19_z2_1092.4_s0.81	templ_rotated	548.20837	1.00000
19_z2_1092.4_s0.81	templ_rotated	548.71005	0.59580
19_z2_1092.4_s0.81	templ_cbp	547.20502	0.87116
19_z2_1092.4_s0.81	templ_cbp	547.70669	0.91720
19_z2_1092.4_s0.81	templ_cbp	548.20837	1.00000
19_z2_1092.4_s0.81	templ_cbp	548.71005	0.64852
19_z2_1092.4_s0.81	templ_cbp	549.21173	0.50419
19_z2_1092.4_s0.81	templ_cbp	549.71340	0.23674
19_z2_1092.4_s0.81	templ_cbp	550.21508	0.12828
19_z2_1092.4_s0.81	templ_cbp	550.71676	0.04603
19_z2_1092.4_s0.81	templ_off09	547.20502	1.00000
19_z2_1092.4_s0.81	templ_off09	547.65653	0.59580
19_z2_1092.4_s0.81	templ_off09	548.10804	0.20535
19_z2_1092.4_s0.81	templ_off09	548.55955	0.05186
20_z1_532.9_s0.88	observed_apex	532.88440	0.12315
20_z1_532.9_s0.88	observed_apex	533.69098	0.07782
20_z1_532.9_s0.88	observed_apex	533.93445	0.18434
20_z1_532.9_s0.88	observed_apex	536.17096	0.60818
20_z1_532.9_s0.88	observed_apex	536.86151	0.08678
20_z1_532.9_s0.88	observed_apex	537.10425	0.07036
20_z1_532.9_s0.88	observed_apex	537.17114	0.13536
20_z1_532.9_s0.88	observed_apex	537.20276	0.58057
20_z1_532.9_s0.88	observed_apex	537.70410	0.43188
20_z1_532.9_s0.88	observed_apex	538.16876	0.10738
20_z1_532.9_s0.88	observed_apex	538.95801	0.08670
20_z1_532.9_s0.88	observed_apex	539.16693	0.10866
20_z1_532.9_s0.88	observed_apex	540.08386	0.09988
20_z1_532.9_s0.88	observed_apex	540.21136	1.00000
20_z1_532.9_s0.88	observed_apex	540.28320	0.13282
20_z1_532.9_s0.88	observed_apex	540.71289	0.51474
20_z1_532.9_s0.88	observed_apex	540.73761	0.08536
20_z1_532.9_s0.88	observed_apex	540.96429	0.09769
20_z1_532.9_s0.88	observed_apex	542.13824	0.11027
20_z1_532.9_s0.88	observed_apex	543.11206	0.11097
20_z1_532.9_s0.88	observed_apex	544.31781	0.07127
20_z1_532.9_s0.88	observed_apex	544.68530	0.21881
20_z1_532.9_s0.88	observed_apex	544.91150	0.11903
20_z1_532.9_s0.88	observed_apex	545.05981	0.07313
20_z1_532.9_s0.88	observed_apex	545.18701	0.11579
20_z1_532.9_s0.88	observed_apex	545.21497	0.14953
20_z1_532.9_s0.88	observed_apex	546.83972	0.08318
20_z1_532.9_s0.88	observed_apex	547.09381	0.91528
20_z1_532.9_s0.88	observed_apex	547.44958	0.08873
20_z1_532.9_s0.88	observed_apex	547.77118	0.08287
20_z1_532.9_s0.88	observed_apex	547.86536	0.09111
20_z1_532.9_s0.88	observed_apex	548.09814	0.10587
20_z1_532.9_s0.88	observed_apex	548.19409	0.16863
20_z1_532.9_s0.88	observed_apex	548.23401	0.18494
20_z1_532.9_s0.88	observed_apex	549.00616	0.13806
20_z1_532.9_s0.88	observed_apex	549.08984	0.17619
20_z1_532.9_s0.88	observed_apex	549.68750	0.07614
20_z1_532.9_s0.88	observed_apex	550.41840	0.08226
20_z1_532.9_s0.88	observed_apex	551.20282	0.09220
20_z1_532.9_s0.88	observed_apex	551.91541	0.10129
20_z1_532.9_s0.88	observed_apex	552.19055	0.08260
20_z1_532.9_s0.88	observed_apex	552.74530	0.08231
20_z1_532.9_s0.88	observed_apex	553.21252	0.09096
20_z1_532.9_s0.88	observed_apex	553.26434	0.09267
20_z1_532.9_s0.88	observed_apex	553.78925	0.07832
20_z1_532.9_s0.88	observed_apex	554.22015	0.08311
20_z1_532.9_s0.88	observed_apex	554.85712	0.10379
20_z1_532.9_s0.88	observed_apex	555.67615	0.14151
20_z1_532.9_s0.88	observed_apex	556.20587	0.10221
20_z1_532.9_s0.88	observed_apex	556.81335	0.08538
20_z1_532.9_s0.88	observed_apex	556.97864	0.18318
20_z1_532.9_s0.88	observed_apex	556.98993	0.09133
20_z1_532.9_s0.88	observed_apex	557.87128	0.10180
20_z1_532.9_s0.88	observed_apex	559.18536	0.11187
20_z1_532.9_s0.88	observed_apex	559.36163	0.09306
20_z1_532.9_s0.88	observed_apex	559.67865	0.10761
20_z1_532.9_s0.88	observed_apex	559.97937	0.09898
20_z1_532.9_s0.88	templ_averagine	533.93445	1.00000
20_z1_532.9_s0.88	templ_averagine	534.93780	0.30312
20_z1_532.9_s0.88	templ_averagine	535.94116	0.05882
20_z1_532.9_s0.88	templ_rotated	533.93445	0.05882
20_z1_532.9_s0.88	templ_rotated	534.93780	1.00000
20_z1_532.9_s0.88	templ_rotated	535.94116	0.30312
20_z1_532.9_s0.88	templ_cbp	533.93445	1.00000
20_z1_532.9_s0.88	templ_cbp	534.93780	0.50635
20_z1_532.9_s0.88	templ_cbp	535.94116	0.66022
20_z1_532.9_s0.88	templ_cbp	536.94451	0.19323
20_z1_532.9_s0.88	templ_cbp	537.94787	0.12279
20_z1_532.9_s0.88	templ_off09	533.93445	1.00000
20_z1_532.9_s0.88	templ_off09	534.83747	0.30312
20_z1_532.9_s0.88	templ_off09	535.74049	0.05882
21_z1_430.2_s0.93	observed_apex	430.03433	0.04432
21_z1_430.2_s0.93	observed_apex	430.05273	0.04129
21_z1_430.2_s0.93	observed_apex	430.09296	0.12469
21_z1_430.2_s0.93	observed_apex	430.24759	0.13559
21_z1_430.2_s0.93	observed_apex	430.25916	0.03979
21_z1_430.2_s0.93	observed_apex	431.09021	0.12082
21_z1_430.2_s0.93	observed_apex	431.20517	1.00000
21_z1_430.2_s0.93	observed_apex	431.21863	0.03576
21_z1_430.2_s0.93	observed_apex	432.05032	0.04322
21_z1_430.2_s0.93	observed_apex	432.06750	0.05166
21_z1_430.2_s0.93	observed_apex	432.20880	0.09844
21_z1_430.2_s0.93	observed_apex	432.26331	0.32298
21_z1_430.2_s0.93	observed_apex	433.16446	0.03896
21_z1_430.2_s0.93	observed_apex	433.20090	0.09858
21_z1_430.2_s0.93	observed_apex	433.22467	0.06963
21_z1_430.2_s0.93	observed_apex	433.26660	0.06020
21_z1_430.2_s0.93	observed_apex	434.11105	0.03312
21_z1_430.2_s0.93	observed_apex	434.24258	0.07207
21_z1_430.2_s0.93	observed_apex	434.76962	0.04405
21_z1_430.2_s0.93	observed_apex	435.02051	0.05224
21_z1_430.2_s0.93	observed_apex	435.20331	0.12913
21_z1_430.2_s0.93	observed_apex	435.24017	0.04278
21_z1_430.2_s0.93	observed_apex	435.28915	0.06092
21_z1_430.2_s0.93	observed_apex	436.02179	0.04418
21_z1_430.2_s0.93	observed_apex	436.03940	0.08843
21_z1_430.2_s0.93	observed_apex	436.05301	0.04576
21_z1_430.2_s0.93	observed_apex	436.22205	0.10238
21_z1_430.2_s0.93	observed_apex	436.25867	0.03448
21_z1_430.2_s0.93	observed_apex	437.06546	0.04128
21_z1_430.2_s0.93	observed_apex	437.18259	0.08360
21_z1_430.2_s0.93	observed_apex	437.21912	0.14574
21_z1_430.2_s0.93	observed_apex	437.25583	0.06587
21_z1_430.2_s0.93	observed_apex	438.05511	0.12280
21_z1_430.2_s0.93	observed_apex	438.21497	0.05359
21_z1_430.2_s0.93	observed_apex	438.22290	0.03606
21_z1_430.2_s0.93	observed_apex	438.25143	0.04289
21_z1_430.2_s0.93	observed_apex	439.16190	0.04726
21_z1_430.2_s0.93	observed_apex	439.17831	0.03571
21_z1_430.2_s0.93	observed_apex	439.19815	0.25529
21_z1_430.2_s0.93	observed_apex	439.22733	0.04603
21_z1_430.2_s0.93	observed_apex	439.23535	0.17752
21_z1_430.2_s0.93	observed_apex	439.24820	0.08330
21_z1_430.2_s0.93	observed_apex	440.00647	0.03268
21_z1_430.2_s0.93	observed_apex	440.12177	0.03469
21_z1_430.2_s0.93	observed_apex	440.20096	0.03745
21_z1_430.2_s0.93	observed_apex	440.23053	0.08685
21_z1_430.2_s0.93	observed_apex	440.28949	0.10948
21_z1_430.2_s0.93	observed_apex	441.01385	0.03502
21_z1_430.2_s0.93	observed_apex	441.05032	0.03307
21_z1_430.2_s0.93	observed_apex	441.10498	0.03789
21_z1_430.2_s0.93	observed_apex	441.17743	0.74624
21_z1_430.2_s0.93	observed_apex	441.20572	0.03293
21_z1_430.2_s0.93	observed_apex	441.21371	0.16992
21_z1_430.2_s0.93	observed_apex	441.25049	0.12693
21_z1_430.2_s0.93	observed_apex	441.31052	0.04192
21_z1_430.2_s0.93	observed_apex	442.03278	0.06141
21_z1_430.2_s0.93	observed_apex	442.04068	0.04242
21_z1_430.2_s0.93	observed_apex	442.06644	0.03834
21_z1_430.2_s0.93	observed_apex	442.08856	0.04039
21_z1_430.2_s0.93	observed_apex	442.18085	0.15699
21_z1_430.2_s0.93	observed_apex	442.22485	0.03966
21_z1_430.2_s0.93	observed_apex	442.24551	0.23343
21_z1_430.2_s0.93	observed_apex	442.27023	0.06935
21_z1_430.2_s0.93	observed_apex	442.71429	0.05191
21_z1_430.2_s0.93	observed_apex	443.04526	0.03639
21_z1_430.2_s0.93	observed_apex	443.05273	0.18231
21_z1_430.2_s0.93	observed_apex	443.06641	0.06372
21_z1_430.2_s0.93	observed_apex	443.09296	0.03082
21_z1_430.2_s0.93	observed_apex	443.17139	0.03317
21_z1_430.2_s0.93	observed_apex	443.23004	0.08304
21_z1_430.2_s0.93	observed_apex	443.24951	0.03934
21_z1_430.2_s0.93	observed_apex	443.32739	0.06775
21_z1_430.2_s0.93	observed_apex	444.10434	0.08997
21_z1_430.2_s0.93	observed_apex	444.20148	0.04319
21_z1_430.2_s0.93	observed_apex	444.23434	0.04016
21_z1_430.2_s0.93	observed_apex	444.31113	0.14211
21_z1_430.2_s0.93	observed_apex	444.97784	0.04968
21_z1_430.2_s0.93	observed_apex	445.04733	0.05442
21_z1_430.2_s0.93	observed_apex	445.06937	0.03842
21_z1_430.2_s0.93	observed_apex	445.11642	0.05498
21_z1_430.2_s0.93	observed_apex	445.12448	0.63561
21_z1_430.2_s0.93	observed_apex	445.18777	0.04345
21_z1_430.2_s0.93	observed_apex	445.24493	0.10120
21_z1_430.2_s0.93	observed_apex	445.25882	0.04576
21_z1_430.2_s0.93	observed_apex	445.31485	0.03434
21_z1_430.2_s0.93	observed_apex	445.77649	0.05888
21_z1_430.2_s0.93	observed_apex	446.03006	0.04823
21_z1_430.2_s0.93	observed_apex	446.12476	0.16612
21_z1_430.2_s0.93	observed_apex	446.16913	0.04734
21_z1_430.2_s0.93	observed_apex	446.27771	0.08163
21_z1_430.2_s0.93	observed_apex	447.02063	0.03528
21_z1_430.2_s0.93	observed_apex	447.12131	0.11721
21_z1_430.2_s0.93	observed_apex	447.17987	0.03434
21_z1_430.2_s0.93	observed_apex	447.20029	0.33376
21_z1_430.2_s0.93	observed_apex	447.27707	0.12633
21_z1_430.2_s0.93	observed_apex	448.15027	0.09088
21_z1_430.2_s0.93	observed_apex	448.20432	0.04887
21_z1_430.2_s0.93	observed_apex	448.25836	0.05194
21_z1_430.2_s0.93	observed_apex	448.76254	0.05069
21_z1_430.2_s0.93	observed_apex	449.21973	0.06924
21_z1_430.2_s0.93	observed_apex	449.26648	0.11026
21_z1_430.2_s0.93	observed_apex	450.06152	0.05968
21_z1_430.2_s0.93	observed_apex	450.27161	0.05072
21_z1_430.2_s0.93	observed_apex	451.14319	0.06313
21_z1_430.2_s0.93	observed_apex	451.19839	0.07995
21_z1_430.2_s0.93	observed_apex	451.23508	0.14630
21_z1_430.2_s0.93	observed_apex	452.01688	0.22732
21_z1_430.2_s0.93	observed_apex	452.03598	0.03646
21_z1_430.2_s0.93	observed_apex	452.04776	0.03702
21_z1_430.2_s0.93	observed_apex	452.14709	0.03395
21_z1_430.2_s0.93	observed_apex	452.88556	0.04024
21_z1_430.2_s0.93	observed_apex	453.02075	0.04650
21_z1_430.2_s0.93	observed_apex	453.17792	0.05718
21_z1_430.2_s0.93	observed_apex	453.21451	0.08168
21_z1_430.2_s0.93	observed_apex	453.22556	0.06270
21_z1_430.2_s0.93	observed_apex	453.25104	0.12122
21_z1_430.2_s0.93	observed_apex	454.01260	0.04350
21_z1_430.2_s0.93	observed_apex	454.03241	0.08680
21_z1_430.2_s0.93	observed_apex	454.05035	0.04262
21_z1_430.2_s0.93	observed_apex	454.24570	0.30283
21_z1_430.2_s0.93	observed_apex	455.12143	0.03122
21_z1_430.2_s0.93	observed_apex	455.19357	0.04577
21_z1_430.2_s0.93	observed_apex	455.22968	0.18054
21_z1_430.2_s0.93	observed_apex	455.24875	0.09327
21_z1_430.2_s0.93	observed_apex	456.04816	0.29658
21_z1_430.2_s0.93	observed_apex	456.25391	0.04219
21_z1_430.2_s0.93	observed_apex	456.78275	0.10155
21_z1_430.2_s0.93	observed_apex	457.03400	0.07996
21_z1_430.2_s0.93	observed_apex	457.04446	0.03611
21_z1_430.2_s0.93	observed_apex	457.08182	0.04809
21_z1_430.2_s0.93	observed_apex	457.15134	0.04658
21_z1_430.2_s0.93	observed_apex	457.17230	0.04826
21_z1_430.2_s0.93	observed_apex	457.18893	0.03335
21_z1_430.2_s0.93	observed_apex	457.20016	0.03109
21_z1_430.2_s0.93	observed_apex	457.20947	0.05357
21_z1_430.2_s0.93	observed_apex	457.22485	0.03498
21_z1_430.2_s0.93	observed_apex	457.24530	0.05585
21_z1_430.2_s0.93	observed_apex	457.28394	0.10488
21_z1_430.2_s0.93	templ_averagine	431.20517	1.00000
21_z1_430.2_s0.93	templ_averagine	432.20852	0.24043
21_z1_430.2_s0.93	templ_averagine	433.21188	0.04003
21_z1_430.2_s0.93	templ_rotated	431.20517	0.04003
21_z1_430.2_s0.93	templ_rotated	432.20852	1.00000
21_z1_430.2_s0.93	templ_rotated	433.21188	0.24043
21_z1_430.2_s0.93	templ_cbp	431.20517	1.00000
21_z1_430.2_s0.93	templ_cbp	432.20852	0.45808
21_z1_430.2_s0.93	templ_cbp	433.21188	0.64514
21_z1_430.2_s0.93	templ_cbp	434.21523	0.15729
21_z1_430.2_s0.93	templ_cbp	435.21859	0.11303
21_z1_430.2_s0.93	templ_off09	431.20517	1.00000
21_z1_430.2_s0.93	templ_off09	432.10819	0.24043
21_z1_430.2_s0.93	templ_off09	433.01121	0.04003
22_z1_900.2_s0.97	observed_apex	900.43610	0.04550
22_z1_900.2_s0.97	observed_apex	901.17169	1.00000
22_z1_900.2_s0.97	observed_apex	902.17474	0.35897
22_z1_900.2_s0.97	observed_apex	903.16888	0.25329
22_z1_900.2_s0.97	observed_apex	903.43573	0.04432
22_z1_900.2_s0.97	observed_apex	904.17029	0.14403
22_z1_900.2_s0.97	observed_apex	905.16425	0.04819
22_z1_900.2_s0.97	observed_apex	906.16821	0.03525
22_z1_900.2_s0.97	observed_apex	906.38635	0.22821
22_z1_900.2_s0.97	observed_apex	907.35492	0.03923
22_z1_900.2_s0.97	observed_apex	907.38934	0.08144
22_z1_900.2_s0.97	observed_apex	908.06268	0.04819
22_z1_900.2_s0.97	observed_apex	908.44220	0.12956
22_z1_900.2_s0.97	observed_apex	908.77594	0.09553
22_z1_900.2_s0.97	observed_apex	909.11035	0.18002
22_z1_900.2_s0.97	observed_apex	909.44476	0.14838
22_z1_900.2_s0.97	observed_apex	911.46710	0.05553
22_z1_900.2_s0.97	observed_apex	914.41315	0.13399
22_z1_900.2_s0.97	observed_apex	915.41571	0.06423
22_z1_900.2_s0.97	observed_apex	916.46533	0.04254
22_z1_900.2_s0.97	observed_apex	920.37354	0.20754
22_z1_900.2_s0.97	observed_apex	921.37744	0.09688
22_z1_900.2_s0.97	observed_apex	922.37958	0.04908
22_z1_900.2_s0.97	observed_apex	924.47729	0.04234
22_z1_900.2_s0.97	observed_apex	924.97833	0.03697
22_z1_900.2_s0.97	templ_averagine	901.17170	1.00000
22_z1_900.2_s0.97	templ_averagine	902.17505	0.48452
22_z1_900.2_s0.97	templ_averagine	903.17841	0.13962
22_z1_900.2_s0.97	templ_rotated	901.17170	0.13962
22_z1_900.2_s0.97	templ_rotated	902.17505	1.00000
22_z1_900.2_s0.97	templ_rotated	903.17841	0.48452
22_z1_900.2_s0.97	templ_cbp	901.17170	1.00000
22_z1_900.2_s0.97	templ_cbp	902.17505	0.84015
22_z1_900.2_s0.97	templ_cbp	903.17841	0.95307
22_z1_900.2_s0.97	templ_cbp	904.18176	0.47911
22_z1_900.2_s0.97	templ_cbp	905.18512	0.34443
22_z1_900.2_s0.97	templ_cbp	906.18847	0.12557
22_z1_900.2_s0.97	templ_cbp	907.19183	0.05262
22_z1_900.2_s0.97	templ_off09	901.17170	1.00000
22_z1_900.2_s0.97	templ_off09	902.07472	0.48452
22_z1_900.2_s0.97	templ_off09	902.97774	0.13962
23_z3_1248.6_s0.99	observed_apex	416.75116	0.00154
23_z3_1248.6_s0.99	observed_apex	417.11258	0.00387
23_z3_1248.6_s0.99	observed_apex	417.21982	0.23264
23_z3_1248.6_s0.99	observed_apex	417.55411	0.14724
23_z3_1248.6_s0.99	observed_apex	417.72720	0.03666
23_z3_1248.6_s0.99	observed_apex	417.74045	0.00296
23_z3_1248.6_s0.99	observed_apex	417.88852	0.05681
23_z3_1248.6_s0.99	observed_apex	418.22269	0.01403
23_z3_1248.6_s0.99	observed_apex	418.22910	0.00762
23_z3_1248.6_s0.99	observed_apex	418.24149	0.00241
23_z3_1248.6_s0.99	observed_apex	418.54834	0.00207
23_z3_1248.6_s0.99	observed_apex	418.55698	0.00254
23_z3_1248.6_s0.99	observed_apex	418.70132	0.02115
23_z3_1248.6_s0.99	observed_apex	418.88251	0.00424
23_z3_1248.6_s0.99	observed_apex	419.18146	0.00392
23_z3_1248.6_s0.99	observed_apex	419.20334	0.00943
23_z3_1248.6_s0.99	observed_apex	419.21634	0.00185
23_z3_1248.6_s0.99	observed_apex	420.19028	0.00184
23_z3_1248.6_s0.99	observed_apex	420.20291	0.00308
23_z3_1248.6_s0.99	observed_apex	420.21130	0.00302
23_z3_1248.6_s0.99	observed_apex	420.23114	0.00289
23_z3_1248.6_s0.99	observed_apex	420.66605	0.00318
23_z3_1248.6_s0.99	observed_apex	420.71158	0.00355
23_z3_1248.6_s0.99	observed_apex	421.06314	1.00000
23_z3_1248.6_s0.99	observed_apex	421.07623	0.00460
23_z3_1248.6_s0.99	observed_apex	421.07925	0.00405
23_z3_1248.6_s0.99	observed_apex	421.08490	0.00276
23_z3_1248.6_s0.99	observed_apex	421.18982	0.00248
23_z3_1248.6_s0.99	observed_apex	421.19897	0.00255
23_z3_1248.6_s0.99	observed_apex	421.56534	0.00180
23_z3_1248.6_s0.99	observed_apex	421.72604	0.00909
23_z3_1248.6_s0.99	observed_apex	421.87811	0.00469
23_z3_1248.6_s0.99	observed_apex	422.04730	0.01195
23_z3_1248.6_s0.99	observed_apex	422.06638	0.11781
23_z3_1248.6_s0.99	observed_apex	422.18469	0.00242
23_z3_1248.6_s0.99	observed_apex	422.23035	0.02345
23_z3_1248.6_s0.99	observed_apex	422.56476	0.01300
23_z3_1248.6_s0.99	observed_apex	422.89865	0.00263
23_z3_1248.6_s0.99	observed_apex	423.05896	0.17728
23_z3_1248.6_s0.99	observed_apex	423.06726	0.01590
23_z3_1248.6_s0.99	observed_apex	423.18729	0.00246
23_z3_1248.6_s0.99	observed_apex	423.20328	0.00689
23_z3_1248.6_s0.99	observed_apex	423.21542	0.00318
23_z3_1248.6_s0.99	observed_apex	423.22794	0.07171
23_z3_1248.6_s0.99	observed_apex	423.71869	0.00502
23_z3_1248.6_s0.99	observed_apex	424.04327	0.00328
23_z3_1248.6_s0.99	observed_apex	424.06219	0.01945
23_z3_1248.6_s0.99	observed_apex	424.20636	0.00214
23_z3_1248.6_s0.99	observed_apex	424.22314	0.04118
23_z3_1248.6_s0.99	observed_apex	424.23154	0.01463
23_z3_1248.6_s0.99	observed_apex	424.25949	0.00388
23_z3_1248.6_s0.99	observed_apex	424.31064	0.00208
23_z3_1248.6_s0.99	observed_apex	424.71051	0.01065
23_z3_1248.6_s0.99	observed_apex	425.03442	0.00337
23_z3_1248.6_s0.99	observed_apex	425.05481	0.00888
23_z3_1248.6_s0.99	observed_apex	425.20273	0.00251
23_z3_1248.6_s0.99	observed_apex	425.21210	0.00333
23_z3_1248.6_s0.99	observed_apex	425.22656	0.00559
23_z3_1248.6_s0.99	observed_apex	425.26569	0.00213
23_z3_1248.6_s0.99	observed_apex	425.71262	0.00206
23_z3_1248.6_s0.99	templ_averagine	417.21982	1.00000
23_z3_1248.6_s0.99	templ_averagine	417.55427	0.69166
23_z3_1248.6_s0.99	templ_averagine	417.88872	0.27069
23_z3_1248.6_s0.99	templ_averagine	418.22317	0.07694
23_z3_1248.6_s0.99	templ_rotated	417.21982	0.27069
23_z3_1248.6_s0.99	templ_rotated	417.55427	0.07694
23_z3_1248.6_s0.99	templ_rotated	417.88872	1.00000
23_z3_1248.6_s0.99	templ_rotated	418.22317	0.69166
23_z3_1248.6_s0.99	templ_cbp	417.21982	0.85265
23_z3_1248.6_s0.99	templ_cbp	417.55427	0.91749
23_z3_1248.6_s0.99	templ_cbp	417.88872	1.00000
23_z3_1248.6_s0.99	templ_cbp	418.22317	0.67462
23_z3_1248.6_s0.99	templ_cbp	418.55762	0.51847
23_z3_1248.6_s0.99	templ_cbp	418.89207	0.25642
23_z3_1248.6_s0.99	templ_cbp	419.22653	0.13764
23_z3_1248.6_s0.99	templ_cbp	419.56098	0.05234
23_z3_1248.6_s0.99	templ_off09	417.21982	1.00000
23_z3_1248.6_s0.99	templ_off09	417.52082	0.69166
23_z3_1248.6_s0.99	templ_off09	417.82183	0.27069
23_z3_1248.6_s0.99	templ_off09	418.12284	0.07694
