base	ref_peaks	ours_feat	dino_feat	ours_recall_0.5	ours_charge_0.5	dino_recall_0.5	dino_charge_0.5	ours_recall_1.0	ours_charge_1.0	dino_recall_1.0	dino_charge_1.0
130124_dilA_10_01	3008	375964	48376	97.5	90.2	97.1	66.5	97.9	85.8	97.8	67.1
130124_dilA_10_02	2673	418071	40743	98.1	93.3	97.7	75.2	98.5	89.6	98.1	75.7
130124_dilA_10_03	3127	333132	45821	97.7	90.7	97.2	68.5	98.1	86.2	97.9	69.2
130124_dilA_10_04	3152	346814	46319	98.0	91.6	97.3	67.3	98.2	86.5	97.8	68.1
130124_dilA_11_01	2664	366528	50242	98.0	91.2	97.4	66.6	98.2	86.6	97.9	67.3
130124_dilA_11_02	2499	456980	50836	98.1	92.0	97.4	71.7	98.4	86.2	98.0	72.3
130124_dilA_11_03	2700	384951	55619	97.9	88.8	97.3	60.8	98.2	82.5	97.8	61.7
130124_dilA_11_04	2795	363414	54430	97.8	89.2	96.7	63.4	98.1	83.7	97.2	64.7
130124_dilA_12_01	1989	389378	58928	97.4	88.6	96.6	64.2	98.1	82.6	97.3	65.2
130124_dilA_12_02	1970	378728	56483	97.5	90.2	97.0	65.9	98.0	85.1	97.7	67.1
130124_dilA_12_03	2026	371032	60049	97.9	88.6	96.4	60.8	98.2	82.7	97.3	62.2
130124_dilA_12_04	2069	396069	63436	97.6	88.4	97.0	64.0	97.9	81.7	97.5	65.0
130124_dilA_1_01	2654	415652	44567	97.6	91.6	97.4	68.0	97.9	87.5	97.8	69.3
130124_dilA_1_02	2807	353489	51933	98.0	91.2	97.5	66.1	98.3	86.6	98.1	67.4
130124_dilA_1_03	2818	364448	53868	98.1	90.1	97.4	64.9	98.4	85.6	98.0	66.5
130124_dilA_1_04	2848	351159	54892	97.8	90.8	96.9	63.3	98.2	86.1	97.4	65.0
130124_dilA_2_01	3281	364864	45985	97.6	91.9	97.6	67.1	98.0	88.0	97.9	67.6
130124_dilA_2_02	3129	321221	45381	97.8	91.5	97.7	65.8	98.4	87.2	98.2	66.3
130124_dilA_2_03	3311	330482	47129	97.8	91.1	97.5	66.3	98.1	86.2	98.0	67.1
130124_dilA_2_04	3317	334811	48743	97.7	90.6	97.0	63.8	97.9	85.9	97.6	64.9
130124_dilA_2_05	3293	336907	50431	97.7	90.8	97.1	63.4	98.1	85.7	97.6	64.4
130124_dilA_2_06	3282	326631	48866	97.6	90.6	97.5	64.5	98.0	86.0	97.8	65.4
130124_dilA_2_07	3298	351016	47554	97.9	91.2	97.8	67.4	98.4	86.6	98.3	68.2
130124_dilA_3_01	3426	339268	44023	97.5	92.6	97.4	67.5	97.8	88.4	97.9	68.5
130124_dilA_3_02	3350	338095	43989	97.5	91.0	97.0	67.8	98.1	86.9	97.7	68.7
130124_dilA_3_03	3362	302022	42533	97.8	92.3	97.3	66.2	98.2	88.0	97.8	67.2
130124_dilA_3_04	3446	331227	46346	98.0	91.2	97.4	64.7	98.4	86.1	97.7	65.5
130124_dilA_3_05	3484	322601	45940	97.7	90.3	97.4	67.5	98.2	86.6	97.9	68.1
130124_dilA_3_06	3444	361744	49210	98.2	91.4	97.4	62.5	98.6	86.2	97.9	63.6
130124_dilA_3_07	3457	336642	47785	97.9	91.8	97.2	66.2	98.4	86.7	97.8	67.1
130124_dilA_4_01	3285	348586	41724	97.6	92.1	97.5	69.1	97.8	88.6	97.9	69.9
130124_dilA_4_02	3219	310522	39945	97.8	92.0	97.4	67.5	98.2	87.3	98.0	68.0
130124_dilA_4_03	3219	306812	40449	97.4	91.8	97.0	66.1	97.9	87.4	97.7	66.8
130124_dilA_4_04	3359	331017	44543	97.6	91.6	97.3	66.7	98.1	86.8	97.8	67.6
130124_dilA_4_05	3406	342321	47462	97.6	90.3	97.2	67.2	98.0	86.6	97.7	68.0
130124_dilA_4_06	3392	350204	44534	97.5	91.0	97.3	68.5	98.1	86.8	97.8	69.3
130124_dilA_4_07	3387	344462	44330	97.7	91.7	97.6	69.9	98.0	87.3	98.0	70.8
130124_dilA_5_01	3200	364055	42409	97.6	92.6	97.5	66.6	98.0	87.9	98.0	67.6
130124_dilA_5_02	3262	328029	41302	97.6	92.7	97.2	68.6	97.9	88.5	97.6	69.3
130124_dilA_5_03	3363	317486	42659	97.6	91.4	96.9	67.6	98.0	87.0	97.6	68.4
130124_dilA_5_04	3419	335561	43732	97.5	91.1	97.3	70.4	98.0	87.0	97.9	70.5
130124_dilA_6_01	3096	367635	42425	97.8	92.6	97.7	67.2	98.1	89.0	98.2	67.8
130124_dilA_6_02	3249	360048	43309	98.1	92.2	97.4	70.1	98.4	88.7	97.8	70.6
130124_dilA_6_03	3344	311185	43620	97.5	91.2	96.7	66.8	98.1	87.1	97.4	67.5
130124_dilA_6_04	3471	329973	47636	97.9	91.5	97.5	65.9	98.3	87.1	98.0	66.9
130124_dilA_7_01	3315	333840	43301	97.6	92.0	97.0	67.6	97.9	88.3	97.6	68.6
130124_dilA_7_02	3408	332115	42835	97.9	91.9	97.3	68.7	98.2	87.7	97.8	69.1
130124_dilA_7_03	3426	328452	43397	97.5	92.3	97.2	68.5	98.0	87.4	97.8	69.0
130124_dilA_7_04	3403	326803	45342	98.0	91.4	97.6	64.8	98.4	87.1	98.1	65.4
130124_dilA_8_01	3295	385041	46130	97.6	92.6	97.4	69.3	97.8	88.9	97.9	70.3
130124_dilA_8_02	3202	331026	39997	97.7	92.2	97.4	71.2	98.2	88.1	97.9	71.8
130124_dilA_8_03	3268	299067	41897	97.9	92.2	97.4	69.2	98.2	87.4	97.9	69.9
130124_dilA_8_04	3359	349149	43763	97.7	91.5	97.3	68.5	98.2	87.7	97.8	69.6
130124_dilA_9_01	3172	362970	40786	97.9	92.6	97.4	69.5	98.3	88.4	98.0	70.4
130124_dilA_9_02	3126	344245	41475	97.9	92.6	97.6	71.0	98.3	88.5	98.0	71.3
130124_dilA_9_03	3211	344131	44930	98.0	90.8	97.2	66.4	98.4	86.3	97.9	67.3
130124_dilA_9_04	3224	348139	45043	97.5	91.5	97.3	66.2	98.0	87.0	97.8	66.7
