decon_thr	decon_recall	decon_feat_kept	log10int_thr	int_recall	int_feat_kept
0.0000	0.98064	1.00000	2.0000	0.98064	1.00000
0.0020	0.98055	0.98307	2.0200	0.98064	1.00000
0.0040	0.98052	0.97382	2.0400	0.98064	1.00000
0.0060	0.98050	0.96716	2.0600	0.98064	1.00000
0.0080	0.98047	0.96187	2.0800	0.98064	1.00000
0.0100	0.98045	0.95872	2.1000	0.98064	1.00000
0.0120	0.98045	0.95643	2.1200	0.98064	1.00000
0.0140	0.98043	0.95443	2.1400	0.98064	1.00000
0.0160	0.98042	0.95255	2.1600	0.98064	1.00000
0.0180	0.98041	0.95076	2.1800	0.98064	1.00000
0.0200	0.98041	0.94902	2.2000	0.98064	1.00000
0.0220	0.98040	0.94732	2.2200	0.98064	1.00000
0.0240	0.98038	0.94567	2.2400	0.98064	1.00000
0.0260	0.98038	0.94404	2.2600	0.98064	1.00000
0.0280	0.98037	0.94245	2.2800	0.98064	1.00000
0.0300	0.98037	0.94089	2.3000	0.98064	1.00000
0.0320	0.98037	0.93933	2.3200	0.98064	1.00000
0.0340	0.98036	0.93779	2.3400	0.98064	1.00000
0.0360	0.98036	0.93628	2.3600	0.98064	1.00000
0.0380	0.98033	0.93476	2.3800	0.98064	1.00000
0.0400	0.98031	0.93324	2.4000	0.98064	1.00000
0.0420	0.98031	0.93172	2.4200	0.98064	1.00000
0.0440	0.98031	0.93020	2.4400	0.98064	1.00000
0.0460	0.98030	0.92868	2.4600	0.98064	1.00000
0.0480	0.98029	0.92715	2.4800	0.98064	1.00000
0.0500	0.98028	0.92562	2.5000	0.98064	1.00000
0.0520	0.98028	0.92410	2.5200	0.98064	1.00000
0.0540	0.98026	0.92257	2.5400	0.98064	1.00000
0.0560	0.98025	0.92102	2.5600	0.98064	1.00000
0.0580	0.98025	0.91948	2.5800	0.98064	1.00000
0.0600	0.98024	0.91794	2.6000	0.98064	1.00000
0.0620	0.98023	0.91640	2.6200	0.98064	1.00000
0.0640	0.98022	0.91484	2.6400	0.98064	1.00000
0.0660	0.98022	0.91330	2.6600	0.98064	1.00000
0.0680	0.98021	0.91175	2.6800	0.98064	1.00000
0.0700	0.98021	0.91019	2.7000	0.98064	1.00000
0.0720	0.98020	0.90863	2.7200	0.98064	1.00000
0.0740	0.98020	0.90707	2.7400	0.98064	1.00000
0.0760	0.98019	0.90550	2.7600	0.98064	1.00000
0.0780	0.98018	0.90391	2.7800	0.98064	1.00000
0.0800	0.98018	0.90232	2.8000	0.98064	1.00000
0.0820	0.98015	0.90075	2.8200	0.98064	1.00000
0.0840	0.98015	0.89917	2.8400	0.98064	1.00000
0.0860	0.98014	0.89758	2.8600	0.98064	1.00000
0.0880	0.98014	0.89597	2.8800	0.98064	1.00000
0.0900	0.98012	0.89436	2.9000	0.98064	1.00000
0.0920	0.98011	0.89276	2.9200	0.98064	1.00000
0.0940	0.98010	0.89114	2.9400	0.98064	1.00000
0.0960	0.98010	0.88950	2.9600	0.98064	1.00000
0.0980	0.98009	0.88787	2.9800	0.98064	1.00000
0.1000	0.98009	0.88623	3.0000	0.98064	1.00000
0.1020	0.98009	0.88457	3.0200	0.98064	1.00000
0.1040	0.98007	0.88293	3.0400	0.98064	1.00000
0.1060	0.98005	0.88126	3.0600	0.98064	1.00000
0.1080	0.98004	0.87960	3.0800	0.98064	1.00000
0.1100	0.98004	0.87793	3.1000	0.98064	1.00000
0.1120	0.98003	0.87623	3.1200	0.98064	1.00000
0.1140	0.98003	0.87454	3.1400	0.98064	1.00000
0.1160	0.98002	0.87283	3.1600	0.98064	1.00000
0.1180	0.98001	0.87109	3.1800	0.98064	0.99998
0.1200	0.98001	0.86936	3.2000	0.98064	0.99990
0.1220	0.98000	0.86761	3.2200	0.98064	0.99965
0.1240	0.98000	0.86584	3.2400	0.98063	0.99895
0.1260	0.97999	0.86406	3.2600	0.98063	0.99737
0.1280	0.97998	0.86227	3.2800	0.98063	0.99458
0.1300	0.97998	0.86048	3.3000	0.98063	0.99051
0.1320	0.97998	0.85868	3.3200	0.98063	0.98598
0.1340	0.97997	0.85685	3.3400	0.98062	0.98177
0.1360	0.97996	0.85502	3.3600	0.98062	0.97774
0.1380	0.97996	0.85318	3.3800	0.98061	0.97372
0.1400	0.97995	0.85133	3.4000	0.98061	0.96943
0.1420	0.97994	0.84945	3.4200	0.98061	0.96447
0.1440	0.97994	0.84757	3.4400	0.98060	0.95843
0.1460	0.97993	0.84569	3.4600	0.98059	0.95120
0.1480	0.97992	0.84377	3.4800	0.98059	0.94335
0.1500	0.97990	0.84185	3.5000	0.98057	0.93539
0.1520	0.97988	0.83990	3.5200	0.98055	0.92725
0.1540	0.97986	0.83795	3.5400	0.98054	0.91884
0.1560	0.97985	0.83597	3.5600	0.98052	0.90994
0.1580	0.97984	0.83400	3.5800	0.98051	0.90058
0.1600	0.97982	0.83199	3.6000	0.98051	0.89091
0.1620	0.97981	0.82998	3.6200	0.98050	0.88111
0.1640	0.97980	0.82797	3.6400	0.98048	0.87116
0.1660	0.97980	0.82595	3.6600	0.98048	0.86096
0.1680	0.97979	0.82391	3.6800	0.98047	0.85053
0.1700	0.97977	0.82184	3.7000	0.98044	0.83992
0.1720	0.97977	0.81975	3.7200	0.98043	0.82913
0.1740	0.97976	0.81765	3.7400	0.98041	0.81809
0.1760	0.97975	0.81553	3.7600	0.98037	0.80687
0.1780	0.97975	0.81340	3.7800	0.98032	0.79539
0.1800	0.97973	0.81127	3.8000	0.98028	0.78375
0.1820	0.97970	0.80909	3.8200	0.98024	0.77195
0.1840	0.97970	0.80693	3.8400	0.98021	0.75997
0.1860	0.97969	0.80474	3.8600	0.98015	0.74781
0.1880	0.97968	0.80253	3.8800	0.98013	0.73548
0.1900	0.97967	0.80031	3.9000	0.98010	0.72303
0.1920	0.97966	0.79808	3.9200	0.98005	0.71042
0.1940	0.97965	0.79584	3.9400	0.97998	0.69764
0.1960	0.97965	0.79357	3.9600	0.97992	0.68480
0.1980	0.97965	0.79131	3.9800	0.97988	0.67178
0.2000	0.97964	0.78901	4.0000	0.97984	0.65860
0.2020	0.97962	0.78673	4.0200	0.97978	0.64525
0.2040	0.97962	0.78442	4.0400	0.97970	0.63182
0.2060	0.97961	0.78211	4.0600	0.97966	0.61820
0.2080	0.97960	0.77978	4.0800	0.97962	0.60448
0.2100	0.97959	0.77744	4.1000	0.97954	0.59070
0.2120	0.97958	0.77509	4.1200	0.97946	0.57689
0.2140	0.97958	0.77272	4.1400	0.97940	0.56310
0.2160	0.97957	0.77030	4.1600	0.97930	0.54927
0.2180	0.97956	0.76787	4.1800	0.97924	0.53554
0.2200	0.97955	0.76546	4.2000	0.97913	0.52182
0.2220	0.97954	0.76304	4.2200	0.97906	0.50817
0.2240	0.97952	0.76061	4.2400	0.97898	0.49467
0.2260	0.97952	0.75816	4.2600	0.97886	0.48126
0.2280	0.97952	0.75570	4.2800	0.97877	0.46810
0.2300	0.97951	0.75323	4.3000	0.97868	0.45512
0.2320	0.97951	0.75074	4.3200	0.97859	0.44229
0.2340	0.97950	0.74824	4.3400	0.97851	0.42969
0.2360	0.97950	0.74571	4.3600	0.97835	0.41730
0.2380	0.97948	0.74320	4.3800	0.97817	0.40513
0.2400	0.97947	0.74068	4.4000	0.97802	0.39327
0.2420	0.97947	0.73815	4.4200	0.97785	0.38164
0.2440	0.97946	0.73560	4.4400	0.97768	0.37026
0.2460	0.97943	0.73300	4.4600	0.97753	0.35916
0.2480	0.97942	0.73045	4.4800	0.97730	0.34838
0.2500	0.97941	0.72788	4.5000	0.97713	0.33788
0.2520	0.97940	0.72528	4.5200	0.97688	0.32764
0.2540	0.97937	0.72266	4.5400	0.97668	0.31772
0.2560	0.97935	0.72004	4.5600	0.97645	0.30814
0.2580	0.97934	0.71738	4.5800	0.97621	0.29880
0.2600	0.97934	0.71472	4.6000	0.97598	0.28976
0.2620	0.97933	0.71207	4.6200	0.97570	0.28104
0.2640	0.97933	0.70940	4.6400	0.97541	0.27258
0.2660	0.97931	0.70670	4.6600	0.97509	0.26438
0.2680	0.97930	0.70402	4.6800	0.97468	0.25639
0.2700	0.97930	0.70130	4.7000	0.97436	0.24868
0.2720	0.97929	0.69860	4.7200	0.97390	0.24120
0.2740	0.97926	0.69587	4.7400	0.97342	0.23395
0.2760	0.97926	0.69316	4.7600	0.97290	0.22692
0.2780	0.97926	0.69041	4.7800	0.97246	0.22014
0.2800	0.97925	0.68764	4.8000	0.97186	0.21356
0.2820	0.97924	0.68487	4.8200	0.97133	0.20720
0.2840	0.97924	0.68209	4.8400	0.97081	0.20100
0.2860	0.97922	0.67933	4.8600	0.97022	0.19500
0.2880	0.97920	0.67656	4.8800	0.96952	0.18918
0.2900	0.97919	0.67376	4.9000	0.96885	0.18354
0.2920	0.97919	0.67093	4.9200	0.96820	0.17802
0.2940	0.97917	0.66811	4.9400	0.96738	0.17270
0.2960	0.97917	0.66526	4.9600	0.96664	0.16754
0.2980	0.97916	0.66245	4.9800	0.96568	0.16252
0.3000	0.97914	0.65963	5.0000	0.96471	0.15762
0.3020	0.97913	0.65678	5.0200	0.96366	0.15285
0.3040	0.97912	0.65393	5.0400	0.96262	0.14825
0.3060	0.97912	0.65106	5.0600	0.96152	0.14373
0.3080	0.97911	0.64815	5.0800	0.96019	0.13934
0.3100	0.97911	0.64527	5.1000	0.95896	0.13508
0.3120	0.97911	0.64237	5.1200	0.95779	0.13094
0.3140	0.97910	0.63949	5.1400	0.95644	0.12691
0.3160	0.97908	0.63658	5.1600	0.95502	0.12297
0.3180	0.97907	0.63367	5.1800	0.95339	0.11914
0.3200	0.97907	0.63075	5.2000	0.95201	0.11541
0.3220	0.97906	0.62782	5.2200	0.95043	0.11178
0.3240	0.97904	0.62487	5.2400	0.94875	0.10822
0.3260	0.97902	0.62193	5.2600	0.94707	0.10478
0.3280	0.97900	0.61899	5.2800	0.94534	0.10142
0.3300	0.97898	0.61604	5.3000	0.94357	0.09816
0.3320	0.97898	0.61306	5.3200	0.94175	0.09496
0.3340	0.97895	0.61009	5.3400	0.93981	0.09184
0.3360	0.97895	0.60712	5.3600	0.93780	0.08880
0.3380	0.97895	0.60413	5.3800	0.93577	0.08585
0.3400	0.97892	0.60116	5.4000	0.93367	0.08298
0.3420	0.97891	0.59816	5.4200	0.93152	0.08017
0.3440	0.97889	0.59511	5.4400	0.92927	0.07744
0.3460	0.97888	0.59212	5.4600	0.92675	0.07478
0.3480	0.97887	0.58912	5.4800	0.92446	0.07220
0.3500	0.97885	0.58612	5.5000	0.92224	0.06966
0.3520	0.97884	0.58315	5.5200	0.91968	0.06721
0.3540	0.97883	0.58014	5.5400	0.91733	0.06483
0.3560	0.97883	0.57711	5.5600	0.91479	0.06252
0.3580	0.97883	0.57410	5.5800	0.91219	0.06026
0.3600	0.97881	0.57107	5.6000	0.90959	0.05806
0.3620	0.97880	0.56804	5.6200	0.90686	0.05594
0.3640	0.97879	0.56501	5.6400	0.90414	0.05386
0.3660	0.97876	0.56196	5.6600	0.90125	0.05184
0.3680	0.97876	0.55893	5.6800	0.89823	0.04988
0.3700	0.97876	0.55592	5.7000	0.89517	0.04801
0.3720	0.97875	0.55288	5.7200	0.89210	0.04617
0.3740	0.97874	0.54984	5.7400	0.88887	0.04443
0.3760	0.97871	0.54677	5.7600	0.88570	0.04271
0.3780	0.97871	0.54374	5.7800	0.88236	0.04104
0.3800	0.97870	0.54071	5.8000	0.87884	0.03943
0.3820	0.97867	0.53765	5.8200	0.87524	0.03787
0.3840	0.97866	0.53460	5.8400	0.87150	0.03637
0.3860	0.97865	0.53156	5.8600	0.86757	0.03492
0.3880	0.97865	0.52851	5.8800	0.86340	0.03351
0.3900	0.97864	0.52550	5.9000	0.85883	0.03217
0.3920	0.97862	0.52242	5.9200	0.85457	0.03087
0.3940	0.97861	0.51937	5.9400	0.85002	0.02962
0.3960	0.97860	0.51633	5.9600	0.84502	0.02840
0.3980	0.97859	0.51326	5.9800	0.84029	0.02724
0.4000	0.97858	0.51023	6.0000	0.83511	0.02613
0.4020	0.97856	0.50718	6.0200	0.82978	0.02504
0.4040	0.97855	0.50415	6.0400	0.82417	0.02403
0.4060	0.97854	0.50108	6.0600	0.81828	0.02304
0.4080	0.97853	0.49802	6.0800	0.81199	0.02209
0.4100	0.97852	0.49502	6.1000	0.80550	0.02118
0.4120	0.97850	0.49201	6.1200	0.79885	0.02033
0.4140	0.97849	0.48892	6.1400	0.79183	0.01950
0.4160	0.97847	0.48592	6.1600	0.78452	0.01871
0.4180	0.97846	0.48291	6.1800	0.77731	0.01795
0.4200	0.97845	0.47993	6.2000	0.76947	0.01722
0.4220	0.97844	0.47687	6.2200	0.76159	0.01652
0.4240	0.97841	0.47385	6.2400	0.75300	0.01585
0.4260	0.97840	0.47087	6.2600	0.74354	0.01520
0.4280	0.97838	0.46782	6.2800	0.73460	0.01458
0.4300	0.97836	0.46481	6.3000	0.72472	0.01399
0.4320	0.97836	0.46187	6.3200	0.71481	0.01343
0.4340	0.97834	0.45892	6.3400	0.70469	0.01289
0.4360	0.97832	0.45598	6.3600	0.69413	0.01237
0.4380	0.97831	0.45300	6.3800	0.68323	0.01187
0.4400	0.97830	0.45008	6.4000	0.67192	0.01139
0.4420	0.97830	0.44708	6.4200	0.66074	0.01095
0.4440	0.97830	0.44386	6.4400	0.64919	0.01052
0.4460	0.97827	0.44056	6.4600	0.63781	0.01011
0.4480	0.97825	0.43768	6.4800	0.62590	0.00970
0.4500	0.97823	0.43479	6.5000	0.61419	0.00933
0.4520	0.97822	0.43188	6.5200	0.60201	0.00896
0.4540	0.97820	0.42876	6.5400	0.58982	0.00862
0.4560	0.97817	0.42555	6.5600	0.57731	0.00829
0.4580	0.97814	0.42234	6.5800	0.56512	0.00798
0.4600	0.97813	0.41872	6.6000	0.55274	0.00769
0.4620	0.97813	0.41557	6.6200	0.54057	0.00741
0.4640	0.97810	0.41272	6.6400	0.52860	0.00714
0.4660	0.97809	0.40988	6.6600	0.51659	0.00688
0.4680	0.97809	0.40698	6.6800	0.50495	0.00662
0.4700	0.97808	0.40414	6.7000	0.49338	0.00638
0.4720	0.97807	0.40127	6.7200	0.48160	0.00615
0.4740	0.97805	0.39853	6.7400	0.47082	0.00593
0.4760	0.97803	0.39557	6.7600	0.45993	0.00572
0.4780	0.97802	0.39235	6.7800	0.44884	0.00551
0.4800	0.97800	0.38903	6.8000	0.43819	0.00532
0.4820	0.97798	0.38616	6.8200	0.42752	0.00513
0.4840	0.97795	0.38229	6.8400	0.41714	0.00495
0.4860	0.97793	0.37949	6.8600	0.40693	0.00477
0.4880	0.97793	0.37668	6.8800	0.39671	0.00461
0.4900	0.97791	0.37401	6.9000	0.38668	0.00444
0.4920	0.97790	0.37135	6.9200	0.37668	0.00428
0.4940	0.97789	0.36850	6.9400	0.36686	0.00413
0.4960	0.97787	0.36590	6.9600	0.35690	0.00398
0.4980	0.97786	0.36301	6.9800	0.34699	0.00384
0.5000	0.97784	0.36016	7.0000	0.33743	0.00370
0.5020	0.97784	0.35738	7.0200	0.32744	0.00356
0.5040	0.97782	0.35346	7.0400	0.31848	0.00344
0.5060	0.97779	0.34924	7.0600	0.30950	0.00331
0.5080	0.97778	0.34676	7.0800	0.30038	0.00319
0.5100	0.97777	0.34411	7.1000	0.29174	0.00308
0.5120	0.97775	0.34162	7.1200	0.28272	0.00296
0.5140	0.97773	0.33918	7.1400	0.27439	0.00285
0.5160	0.97771	0.33645	7.1600	0.26571	0.00274
0.5180	0.97771	0.33387	7.1800	0.25719	0.00264
0.5200	0.97769	0.33127	7.2000	0.24921	0.00254
0.5220	0.97769	0.32869	7.2200	0.24129	0.00245
0.5240	0.97767	0.32621	7.2400	0.23408	0.00237
0.5260	0.97766	0.32365	7.2600	0.22667	0.00228
0.5280	0.97766	0.32114	7.2800	0.21997	0.00220
0.5300	0.97762	0.31860	7.3000	0.21335	0.00212
0.5320	0.97758	0.31554	7.3200	0.20712	0.00205
0.5340	0.97754	0.31273	7.3400	0.20108	0.00198
0.5360	0.97752	0.30979	7.3600	0.19499	0.00191
0.5380	0.97750	0.30661	7.3800	0.18936	0.00184
0.5400	0.97749	0.30253	7.4000	0.18381	0.00178
0.5420	0.97748	0.29957	7.4200	0.17855	0.00172
0.5440	0.97744	0.29664	7.4400	0.17371	0.00166
0.5460	0.97742	0.29417	7.4600	0.16908	0.00161
0.5480	0.97740	0.29199	7.4800	0.16449	0.00156
0.5500	0.97738	0.28950	7.5000	0.16023	0.00151
0.5520	0.97737	0.28707	7.5200	0.15635	0.00146
0.5540	0.97732	0.28485	7.5400	0.15203	0.00141
0.5560	0.97731	0.28240	7.5600	0.14786	0.00137
0.5580	0.97727	0.28001	7.5800	0.14412	0.00132
0.5600	0.97724	0.27781	7.6000	0.14025	0.00128
0.5620	0.97721	0.27548	7.6200	0.13660	0.00124
0.5640	0.97719	0.27302	7.6400	0.13292	0.00120
0.5660	0.97716	0.27093	7.6600	0.12902	0.00116
0.5680	0.97712	0.26880	7.6800	0.12563	0.00113
0.5700	0.97710	0.26640	7.7000	0.12197	0.00109
0.5720	0.97708	0.26400	7.7200	0.11850	0.00105
0.5740	0.97707	0.26154	7.7400	0.11508	0.00102
0.5760	0.97706	0.25906	7.7600	0.11146	0.00098
0.5780	0.97704	0.25667	7.7800	0.10784	0.00095
0.5800	0.97699	0.25389	7.8000	0.10419	0.00091
0.5820	0.97698	0.25057	7.8200	0.10059	0.00088
0.5840	0.97696	0.24797	7.8400	0.09726	0.00084
0.5860	0.97695	0.24496	7.8600	0.09329	0.00081
0.5880	0.97691	0.24142	7.8800	0.08982	0.00078
0.5900	0.97690	0.23831	7.9000	0.08666	0.00075
0.5920	0.97687	0.23644	7.9200	0.08307	0.00072
0.5940	0.97686	0.23459	7.9400	0.07980	0.00069
0.5960	0.97683	0.23240	7.9600	0.07612	0.00066
0.5980	0.97681	0.23059	7.9800	0.07264	0.00062
0.6000	0.97679	0.22838	8.0000	0.06895	0.00059
0.6020	0.97678	0.22660	8.0200	0.06551	0.00056
0.6040	0.97674	0.22484	8.0400	0.06201	0.00053
0.6060	0.97672	0.22310	8.0600	0.05884	0.00051
0.6080	0.97669	0.22101	8.0800	0.05544	0.00048
0.6100	0.97664	0.21930	8.1000	0.05207	0.00045
0.6120	0.97661	0.21726	8.1200	0.04895	0.00042
0.6140	0.97657	0.21558	8.1400	0.04557	0.00039
0.6160	0.97656	0.21393	8.1600	0.04263	0.00037
0.6180	0.97652	0.21191	8.1800	0.03961	0.00034
0.6200	0.97649	0.21027	8.2000	0.03643	0.00031
0.6220	0.97646	0.20838	8.2200	0.03380	0.00029
0.6240	0.97640	0.20678	8.2400	0.03108	0.00027
0.6260	0.97637	0.20520	8.2600	0.02861	0.00025
0.6280	0.97635	0.20328	8.2800	0.02605	0.00023
0.6300	0.97634	0.20175	8.3000	0.02375	0.00021
0.6320	0.97630	0.19977	8.3200	0.02169	0.00019
0.6340	0.97627	0.19828	8.3400	0.01950	0.00018
0.6360	0.97625	0.19681	8.3600	0.01760	0.00016
0.6380	0.97620	0.19505	8.3800	0.01604	0.00015
0.6400	0.97615	0.19334	8.4000	0.01453	0.00014
0.6420	0.97611	0.19190	8.4200	0.01337	0.00013
0.6440	0.97610	0.19006	8.4400	0.01221	0.00012
0.6460	0.97605	0.18867	8.4600	0.01106	0.00011
0.6480	0.97601	0.18671	8.4800	0.01015	0.00010
0.6500	0.97596	0.18489	8.5000	0.00930	0.00009
0.6520	0.97592	0.18327	8.5200	0.00838	0.00008
0.6540	0.97589	0.18191	8.5400	0.00771	0.00008
0.6560	0.97587	0.18034	8.5600	0.00705	0.00007
0.6580	0.97580	0.17834	8.5800	0.00638	0.00006
0.6600	0.97576	0.17644	8.6000	0.00584	0.00006
0.6620	0.97573	0.17417	8.6200	0.00526	0.00005
0.6640	0.97569	0.17074	8.6400	0.00469	0.00005
0.6660	0.97562	0.16947	8.6600	0.00422	0.00004
0.6680	0.97559	0.16818	8.6800	0.00357	0.00004
0.6700	0.97556	0.16691	8.7000	0.00301	0.00003
0.6720	0.97552	0.16564	8.7200	0.00263	0.00003
0.6740	0.97547	0.16412	8.7400	0.00227	0.00003
0.6760	0.97540	0.16288	8.7600	0.00182	0.00002
0.6780	0.97536	0.16159	8.7800	0.00163	0.00002
0.6800	0.97529	0.16039	8.8000	0.00133	0.00002
0.6820	0.97523	0.15922	8.8200	0.00114	0.00001
0.6840	0.97517	0.15808	8.8400	0.00093	0.00001
0.6860	0.97512	0.15694	8.8600	0.00071	0.00001
0.6880	0.97508	0.15581	8.8800	0.00061	0.00001
0.6900	0.97506	0.15470	8.9000	0.00047	0.00001
0.6920	0.97502	0.15360	8.9200	0.00039	0.00000
0.6940	0.97498	0.15249	8.9400	0.00032	0.00000
0.6960	0.97495	0.15139	8.9600	0.00026	0.00000
0.6980	0.97491	0.14988	8.9800	0.00019	0.00000
0.7000	0.97486	0.14880	9.0000	0.00013	0.00000
0.7020	0.97479	0.14771	9.0200	0.00008	0.00000
0.7040	0.97475	0.14665	9.0400	0.00005	0.00000
0.7060	0.97468	0.14560	9.0600	0.00004	0.00000
0.7080	0.97461	0.14418	9.0800	0.00003	0.00000
0.7100	0.97454	0.14316	9.1000	0.00002	0.00000
0.7120	0.97447	0.14214	9.1200	0.00001	0.00000
0.7140	0.97441	0.14112	9.1400	0.00001	0.00000
0.7160	0.97432	0.14010	9.1600	0.00001	0.00000
0.7180	0.97425	0.13912	9.1800	0.00001	0.00000
0.7200	0.97418	0.13817	9.2000	0.00001	0.00000
0.7220	0.97411	0.13726	9.2200	0.00001	0.00000
0.7240	0.97403	0.13638	9.2400	0.00001	0.00000
0.7260	0.97395	0.13520	9.2600	0.00001	0.00000
0.7280	0.97389	0.13434	9.2800	0.00001	0.00000
0.7300	0.97384	0.13350	9.3000	0.00000	0.00000
0.7320	0.97375	0.13265	9.3200	0.00000	0.00000
0.7340	0.97367	0.13179	9.3400	0.00000	0.00000
0.7360	0.97360	0.13095	9.3600	0.00000	0.00000
0.7380	0.97354	0.12978	9.3800	0.00000	0.00000
0.7400	0.97347	0.12894	9.4000	0.00000	0.00000
0.7420	0.97341	0.12811	9.4200	0.00000	0.00000
0.7440	0.97331	0.12729	9.4400	0.00000	0.00000
0.7460	0.97322	0.12647	9.4600	0.00000	0.00000
0.7480	0.97313	0.12565	9.4800	0.00000	0.00000
0.7500	0.97306	0.12484	9.5000	0.00000	0.00000
0.7520	0.97297	0.12403	9.5200	0.00000	0.00000
0.7540	0.97285	0.12286	9.5400	0.00000	0.00000
0.7560	0.97278	0.12205	9.5600	0.00000	0.00000
0.7580	0.97265	0.12124	9.5800	0.00000	0.00000
0.7600	0.97254	0.12044	9.6000	0.00000	0.00000
0.7620	0.97247	0.11965	9.6200	0.00000	0.00000
0.7640	0.97237	0.11886	9.6400	0.00000	0.00000
0.7660	0.97228	0.11775	9.6600	0.00000	0.00000
0.7680	0.97220	0.11701	9.6800	0.00000	0.00000
0.7700	0.97209	0.11631	9.7000	0.00000	0.00000
0.7720	0.97201	0.11560	9.7200	0.00000	0.00000
0.7740	0.97189	0.11489	9.7400	0.00000	0.00000
0.7760	0.97180	0.11418	9.7600	0.00000	0.00000
0.7780	0.97170	0.11347	9.7800	0.00000	0.00000
0.7800	0.97160	0.11277	9.8000	0.00000	0.00000
0.7820	0.97147	0.11175	9.8200	0.00000	0.00000
0.7840	0.97134	0.11106	9.8400	0.00000	0.00000
0.7860	0.97123	0.11036	9.8600	0.00000	0.00000
0.7880	0.97109	0.10967	9.8800	0.00000	0.00000
0.7900	0.97096	0.10899	9.9000	0.00000	0.00000
0.7920	0.97089	0.10831	9.9200	0.00000	0.00000
0.7940	0.97074	0.10762	9.9400	0.00000	0.00000
0.7960	0.97066	0.10693	9.9600	0.00000	0.00000
0.7980	0.97053	0.10625	9.9800	0.00000	0.00000
0.8000	0.97040	0.10557	10.0000	0.00000	0.00000
0.8020	0.97025	0.10490	10.0200	0.00000	0.00000
0.8040	0.97009	0.10389	10.0400	0.00000	0.00000
0.8060	0.96995	0.10321	10.0600	0.00000	0.00000
0.8080	0.96984	0.10254	10.0800	0.00000	0.00000
0.8100	0.96972	0.10187	10.1000	0.00000	0.00000
0.8120	0.96958	0.10119	10.1200	0.00000	0.00000
0.8140	0.96944	0.10051	10.1400	0.00000	0.00000
0.8160	0.96930	0.09982	10.1600	0.00000	0.00000
0.8180	0.96910	0.09913	10.1800	0.00000	0.00000
0.8200	0.96891	0.09822	10.2000	0.00000	0.00000
0.8220	0.96872	0.09752	10.2200	0.00000	0.00000
0.8240	0.96856	0.09682	10.2400	0.00000	0.00000
0.8260	0.96837	0.09611	10.2600	0.00000	0.00000
0.8280	0.96815	0.09542	10.2800	0.00000	0.00000
0.8300	0.96798	0.09471	10.3000	0.00000	0.00000
0.8320	0.96779	0.09382	10.3200	0.00000	0.00000
0.8340	0.96760	0.09312	10.3400	0.00000	0.00000
0.8360	0.96741	0.09242	10.3600	0.00000	0.00000
0.8380	0.96717	0.09178	10.3800	0.00000	0.00000
0.8400	0.96690	0.09115	10.4000	0.00000	0.00000
0.8420	0.96672	0.09052	10.4200	0.00000	0.00000
0.8440	0.96647	0.08989	10.4400	0.00000	0.00000
0.8460	0.96625	0.08926	10.4600	0.00000	0.00000
0.8480	0.96593	0.08842	10.4800	0.00000	0.00000
0.8500	0.96568	0.08780	10.5000	0.00000	0.00000
0.8520	0.96532	0.08695	10.5200	0.00000	0.00000
0.8540	0.96498	0.08609	10.5400	0.00000	0.00000
0.8560	0.96460	0.08524	10.5600	0.00000	0.00000
0.8580	0.96427	0.08438	10.5800	0.00000	0.00000
0.8600	0.96394	0.08353	10.6000	0.00000	0.00000
0.8620	0.96359	0.08268	10.6200	0.00000	0.00000
0.8640	0.96327	0.08184	10.6400	0.00000	0.00000
0.8660	0.96283	0.08099	10.6600	0.00000	0.00000
0.8680	0.96242	0.08015	10.6800	0.00000	0.00000
0.8700	0.96193	0.07848	10.7000	0.00000	0.00000
0.8720	0.96139	0.07763	10.7200	0.00000	0.00000
0.8740	0.96091	0.07678	10.7400	0.00000	0.00000
0.8760	0.96033	0.07592	10.7600	0.00000	0.00000
0.8780	0.95987	0.07508	10.7800	0.00000	0.00000
0.8800	0.95940	0.07424	10.8000	0.00000	0.00000
0.8820	0.95889	0.07340	10.8200	0.00000	0.00000
0.8840	0.95825	0.07178	10.8400	0.00000	0.00000
0.8860	0.95777	0.07092	10.8600	0.00000	0.00000
0.8880	0.95721	0.07008	10.8800	0.00000	0.00000
0.8900	0.95660	0.06922	10.9000	0.00000	0.00000
0.8920	0.95579	0.06764	10.9200	0.00000	0.00000
0.8940	0.95510	0.06680	10.9400	0.00000	0.00000
0.8960	0.95437	0.06595	10.9600	0.00000	0.00000
0.8980	0.95361	0.06508	10.9800	0.00000	0.00000
0.9000	0.95268	0.06320	11.0000	0.00000	0.00000
0.9020	0.95199	0.06235	11.0200	0.00000	0.00000
0.9040	0.95120	0.06150	11.0400	0.00000	0.00000
0.9060	0.95036	0.06063	11.0600	0.00000	0.00000
0.9080	0.94943	0.05981	11.0800	0.00000	0.00000
0.9100	0.94833	0.05896	11.1000	0.00000	0.00000
0.9120	0.94745	0.05811	11.1200	0.00000	0.00000
0.9140	0.94629	0.05620	11.1400	0.00000	0.00000
0.9160	0.94513	0.05535	11.1600	0.00000	0.00000
0.9180	0.94408	0.05449	11.1800	0.00000	0.00000
0.9200	0.94286	0.05364	11.2000	0.00000	0.00000
0.9220	0.94175	0.05205	11.2200	0.00000	0.00000
0.9240	0.94024	0.05117	11.2400	0.00000	0.00000
0.9260	0.93893	0.05032	11.2600	0.00000	0.00000
0.9280	0.93735	0.04945	11.2800	0.00000	0.00000
0.9300	0.93578	0.04858	11.3000	0.00000	0.00000
0.9320	0.93429	0.04771	11.3200	0.00000	0.00000
0.9340	0.93244	0.04617	11.3400	0.00000	0.00000
0.9360	0.93044	0.04524	11.3600	0.00000	0.00000
0.9380	0.92850	0.04429	11.3800	0.00000	0.00000
0.9400	0.92638	0.04331	11.4000	0.00000	0.00000
0.9420	0.92396	0.04179	11.4200	0.00000	0.00000
0.9440	0.92138	0.04079	11.4400	0.00000	0.00000
0.9460	0.91838	0.03981	11.4600	0.00000	0.00000
0.9480	0.91538	0.03876	11.4800	0.00000	0.00000
0.9500	0.91199	0.03777	11.5000	0.00000	0.00000
0.9520	0.90825	0.03643	11.5200	0.00000	0.00000
0.9540	0.90411	0.03539	11.5400	0.00000	0.00000
0.9560	0.89958	0.03432	11.5600	0.00000	0.00000
0.9580	0.89394	0.03307	11.5800	0.00000	0.00000
0.9600	0.88798	0.03195	11.6000	0.00000	0.00000
0.9620	0.88155	0.03084	11.6200	0.00000	0.00000
0.9640	0.87386	0.02968	11.6400	0.00000	0.00000
0.9660	0.86485	0.02849	11.6600	0.00000	0.00000
0.9680	0.85440	0.02718	11.6800	0.00000	0.00000
0.9700	0.84188	0.02590	11.7000	0.00000	0.00000
0.9720	0.82635	0.02457	11.7200	0.00000	0.00000
0.9740	0.80769	0.02312	11.7400	0.00000	0.00000
0.9760	0.78455	0.02159	11.7600	0.00000	0.00000
0.9780	0.75718	0.02000	11.7800	0.00000	0.00000
0.9800	0.72453	0.01832	11.8000	0.00000	0.00000
0.9820	0.68331	0.01655	11.8200	0.00000	0.00000
0.9840	0.63559	0.01469	11.8400	0.00000	0.00000
0.9860	0.57816	0.01274	11.8600	0.00000	0.00000
0.9880	0.50999	0.01072	11.8800	0.00000	0.00000
0.9900	0.43204	0.00861	11.9000	0.00000	0.00000
0.9920	0.34509	0.00652	11.9200	0.00000	0.00000
0.9940	0.25109	0.00452	11.9400	0.00000	0.00000
0.9960	0.15191	0.00272	11.9600	0.00000	0.00000
0.9980	0.05714	0.00121	11.9800	0.00000	0.00000
