mono_mass	mz	charge	rt	n_psm
798.41230	400.21350	2	40.2891	1
798.45980	400.23720	2	45.1913	1
799.45570	400.73510	2	50.6060	2
800.43955	401.22705	2	45.4432	2
800.43960	401.22710	2	41.9613	2
800.45460	401.23455	2	52.5459	2
801.43600	401.72530	2	38.6659	2
801.53285	401.77370	2	46.3886	2
802.38625	402.20040	2	40.6253	2
802.49900	402.25680	2	63.2138	2
805.40780	403.71120	2	46.6269	1
805.44520	403.72990	2	52.7340	2
806.39605	404.20530	2	39.4964	2
806.41720	404.21590	2	72.7730	1
806.45385	404.23420	2	61.7916	2
806.45405	404.23430	2	51.6475	2
807.41315	404.71385	2	41.8256	2
808.36320	405.18890	2	38.8902	2
808.43880	405.22665	2	38.0370	2
809.41785	405.71625	2	63.9036	2
810.36955	406.19205	2	48.6448	2
811.35570	406.68510	2	39.3398	1
811.49170	406.75315	2	50.9067	2
812.42330	407.21890	2	44.3732	1
812.43865	407.22660	2	41.7068	2
812.48690	407.25075	2	46.2311	2
812.51150	407.26305	2	50.4545	2
813.49710	407.75580	2	30.6547	1
814.45440	408.23450	2	36.2967	2
814.45520	408.23490	2	52.9839	1
815.44180	408.72820	2	40.5667	2
815.45065	408.73260	2	37.6473	2
815.46900	408.74175	2	58.0781	2
815.47565	408.74510	2	43.9007	2
815.47775	408.74615	2	47.9384	2
815.49745	408.75600	2	39.8022	2
815.51210	408.76330	2	47.7453	2
816.39740	409.20600	2	34.4641	1
816.47030	409.24240	2	39.4246	1
817.42930	409.72195	2	36.6608	2
817.48070	409.74760	2	68.2486	2
818.44030	410.22745	2	53.9809	2
818.48975	410.25215	2	75.2625	2
819.39135	410.70295	2	37.1001	2
819.43070	410.72265	2	64.3979	2
820.43395	411.22425	2	40.7235	2
820.46945	411.24200	2	47.1523	2
820.48870	411.25160	2	73.0522	2
821.39560	411.70510	2	30.7687	1
821.44710	411.73080	2	35.5099	2
822.39030	412.20240	2	32.4642	3
822.42445	412.21950	2	38.7497	2
823.42690	412.72070	2	56.0959	2
824.43270	413.22360	2	30.8243	1
824.54880	413.28170	2	72.5182	1
826.36440	414.18950	2	37.6596	2
826.49095	414.25280	2	43.8889	2
826.49130	414.25290	2	41.4700	2
826.52745	414.27100	2	51.1357	2
826.52780	414.27115	2	71.0020	2
827.35110	414.68280	2	33.1272	1
827.48685	414.75070	2	50.2166	2
828.41485	415.21470	2	33.3325	2
828.47580	415.24520	2	40.8177	1
828.48200	415.24825	2	33.0726	2
828.50730	415.26090	2	52.6317	1
829.43090	415.72270	2	42.0078	5
829.46570	415.74010	2	36.6682	2
829.49120	415.75290	2	57.1928	3
829.50350	415.75905	2	38.6399	2
831.47030	416.74240	2	37.2514	1
831.49680	416.75565	2	71.2109	2
832.39435	417.20445	2	36.3728	2
832.93040	417.47250	2	46.7090	4
833.47560	417.74510	2	55.5778	1
834.43430	418.22445	2	39.7553	2
835.44480	418.72970	2	45.0332	3
836.39140	419.20300	2	42.3290	2
836.40110	419.20785	2	42.9584	2
836.44045	419.22750	2	57.9056	2
836.44180	419.22820	2	45.0950	1
837.40565	419.71010	2	55.6441	2
838.41750	420.21600	2	39.3627	1
839.42900	420.72180	2	56.4392	1
839.58495	420.79975	2	74.5209	2
840.54315	421.27885	2	61.1117	2
840.54325	421.27890	2	76.1940	2
841.46580	421.74015	2	42.5632	2
841.49190	421.75320	2	56.1727	1
841.49355	421.75405	2	52.7566	2
842.42860	422.22155	2	49.2772	2
842.46110	422.23785	2	41.6180	2
842.48525	422.24990	2	53.3605	2
842.48680	422.25065	2	43.9541	2
842.48720	422.25085	2	40.3566	2
842.52260	422.26855	2	72.2900	2
842.52310	422.26885	2	50.6407	2
842.53405	422.27430	2	36.5380	2
843.48110	422.74785	2	46.3320	2
843.54285	422.77870	2	64.5776	2
844.45610	423.23530	2	55.2800	2
844.46465	423.23960	2	37.3866	2
845.46075	423.73765	2	39.4651	2
845.46115	423.73785	2	45.8586	2
845.46460	423.73960	2	68.7001	2
845.48570	423.75015	2	54.0123	2
845.51180	423.76320	2	66.5136	2
845.53775	423.77615	2	77.6145	2
846.44930	424.23195	2	62.4847	2
846.92545	424.47000	2	45.0535	2
847.42320	424.71890	2	45.4915	1
847.48130	424.74790	2	47.2087	1
848.43900	425.22675	2	54.1374	2
848.44830	425.23145	2	38.6136	2
848.94960	425.48210	2	43.8482	4
849.41980	425.71720	2	48.3047	2
849.43600	425.72525	2	54.8084	2
849.44180	425.72820	2	53.8583	1
850.45380	426.23420	2	48.0468	2
850.50250	426.25855	2	41.4502	2
851.40290	426.70875	2	37.5924	2
851.42190	426.71820	2	47.3294	1
851.43800	426.72630	2	35.6659	1
851.43905	426.72680	2	39.0335	2
853.36150	427.68800	2	38.9489	2
854.46030	428.23740	2	41.6807	2
855.51760	428.76610	2	52.6577	1
856.43195	429.22325	2	65.8300	2
856.46980	429.24220	2	51.4894	2
856.47940	429.24700	2	47.3660	1
856.51295	429.26375	2	49.7550	2
856.51680	429.26570	2	47.4043	2
856.53895	429.27675	2	59.2536	2
857.46205	429.73830	2	41.9680	2
857.46240	429.73845	2	44.2634	2
857.49600	429.75530	2	48.0408	1
857.49680	429.75570	2	56.3724	1
858.45650	430.23555	2	46.0417	2
858.48075	430.24765	2	34.8750	2
858.96325	430.48890	2	39.9820	4
860.42415	431.21935	2	38.1294	2
860.44225	431.22840	2	46.9032	2
860.46080	431.23770	2	35.5686	1
860.46770	431.24115	2	48.9566	4
861.44460	431.72960	2	46.2791	2
861.47150	431.74305	2	61.8120	2
861.50710	431.76085	2	76.8478	2
861.53245	431.77350	2	51.6163	2
862.38540	432.20000	2	40.9985	1
862.41950	432.21705	2	38.4452	2
863.45095	432.73275	2	37.0380	2
863.45750	432.73600	2	60.3026	1
864.41950	433.21705	2	51.1980	2
864.43400	433.22430	2	54.0915	1
864.50780	433.26115	2	65.3901	2
865.41860	433.71660	2	37.5478	1
865.91285	433.96370	2	41.9532	2
866.41230	434.21350	2	42.2094	1
866.49935	434.25695	2	44.2956	2
867.41590	434.71520	2	51.5514	2
868.45860	435.23655	2	39.8370	2
868.50135	435.25795	2	46.1660	2
868.51300	435.26375	2	34.2450	2
869.49700	435.75575	2	36.5104	2
869.53350	435.77400	2	53.7758	2
869.53400	435.77430	2	61.3613	2
869.55905	435.78680	2	68.4084	2
870.44860	436.23160	2	55.9794	2
870.48170	436.24815	2	44.8444	2
870.51790	436.26625	2	59.5984	2
870.55460	436.28455	2	52.4898	2
871.45090	436.73275	2	42.6363	2
871.53800	436.77630	2	60.8924	2
872.47540	437.24500	2	41.7060	1
872.49770	437.25610	2	43.9742	2
872.51530	437.26490	2	65.2776	2
873.47420	437.74440	2	51.9631	1
873.49615	437.75535	2	68.9121	2
874.43320	438.22385	2	46.5783	2
874.45890	438.23670	2	51.2787	2
875.48970	438.75220	2	32.4254	1
875.49005	438.75230	2	55.1265	2
875.52295	438.76875	2	62.4268	2
876.40200	439.20830	2	29.5775	1
876.41275	439.21365	2	41.3425	2
876.43670	439.22565	2	49.5159	2
876.44545	439.23000	2	39.7160	2
876.47135	439.24295	2	51.6670	2
876.48095	439.24775	2	55.4038	2
876.49565	439.25510	2	69.2907	2
877.45485	439.73470	2	39.2868	2
877.46550	439.74000	2	46.7017	2
877.46570	439.74010	2	51.0837	2
877.50950	439.76205	2	71.4244	2
878.38160	440.19810	2	32.3283	1
878.48615	440.25035	2	56.2403	2
878.48705	440.25080	2	51.7870	2
879.39795	440.70625	2	36.8212	2
880.42915	441.22185	2	45.1411	2
880.51360	441.26405	2	45.7229	2
880.54905	441.28180	2	54.7113	2
882.52875	442.27165	2	41.0826	2
883.53795	442.77625	2	60.2246	2
883.53845	442.77650	2	52.5203	2
884.43960	443.22710	2	45.9150	2
884.54390	443.27920	2	55.7078	2
884.57070	443.29260	2	60.8232	1
885.42995	443.72225	2	40.7983	2
885.44210	443.72830	2	58.7956	1
885.46280	443.73870	2	40.9108	2
885.49190	443.75325	2	52.7870	2
885.55425	443.78440	2	66.3878	2
886.48595	444.25025	2	44.2024	2
886.51260	444.26360	2	49.6755	1
886.51320	444.26390	2	50.7232	2
887.45945	444.73700	2	38.4606	2
888.45750	445.23600	2	36.2694	2
889.45805	445.73630	2	52.4352	2
889.46510	445.73980	2	49.7189	2
889.47705	445.74580	2	43.1651	2
889.48380	445.74920	2	71.6152	1
891.44525	446.72990	2	50.8112	2
891.48145	446.74800	2	64.3045	2
891.50655	446.76055	2	67.9811	2
892.44045	447.22750	2	42.0820	2
892.45910	447.23680	2	47.2980	2
892.48380	447.24920	2	78.2806	2
893.44965	447.73210	2	44.9110	2
893.44980	447.73220	2	46.9712	3
893.46175	447.73820	2	44.4257	2
893.60625	447.81040	2	77.0786	2
894.50390	448.25920	2	33.5762	2
895.44765	448.73110	2	61.3071	2
895.46515	448.73985	2	43.1774	2
896.41710	449.21580	2	39.6035	2
896.53330	449.27395	2	56.2701	2
896.57960	449.29710	2	74.1710	1
897.47420	449.74440	2	47.1176	1
897.50310	449.75880	2	35.7598	2
898.40700	450.21080	2	67.6222	2
898.47860	450.24660	2	59.2992	1
898.48735	450.25095	2	37.5576	2
898.49105	450.25280	2	46.3359	2
898.54895	450.28175	2	68.4045	2
898.56095	450.28775	2	56.7846	2
899.43805	450.72630	2	55.0358	2
899.45020	450.73240	2	42.5850	2
899.51555	450.76505	2	61.7530	2
900.46690	451.24070	2	43.4038	1
900.49060	451.25260	2	43.0408	1
900.49260	451.25360	2	54.2066	1
900.50325	451.25890	2	52.0406	2
900.53860	451.27660	2	45.6646	1
901.41225	451.71340	2	50.6963	2
901.43300	451.72380	2	41.0871	2
901.47630	451.74545	2	60.2266	2
901.48655	451.75055	2	36.0294	2
902.41295	452.21375	2	49.3208	2
902.50770	452.26115	2	47.8789	2
903.48155	452.74805	2	54.4345	2
903.52875	452.77165	2	44.0679	2
903.54285	452.77870	2	70.4443	2
904.42830	453.22140	2	34.3374	1
904.44350	453.22905	2	32.9857	2
904.53850	453.27650	2	64.6366	1
905.45335	453.73395	2	45.7153	2
905.46040	453.73750	2	34.5275	1
905.46140	453.73800	2	34.4963	1
906.46810	454.24135	2	33.7881	2
906.51735	454.26595	2	49.7013	2
907.45260	454.73355	2	39.3256	2
907.50080	454.75770	2	50.1466	1
908.00410	455.00930	2	56.4812	4
908.56975	455.29220	2	58.5848	2
909.42680	455.72065	2	56.9352	2
911.37995	456.69730	2	36.1798	2
911.46600	456.74025	2	74.2428	2
911.47565	456.74510	2	62.3684	2
911.48960	456.75210	2	45.0641	2
911.58100	456.79780	2	59.7141	1
912.54780	457.28120	2	44.4082	1
912.54860	457.28160	2	44.3832	1
912.56455	457.28955	2	65.8489	2
913.45005	457.73230	2	43.6132	2
913.47360	457.74410	2	72.8788	1
913.48715	457.75085	2	48.8846	2
913.50900	457.76180	2	35.1784	2
913.54775	457.78115	2	55.2600	2
913.55965	457.78710	2	41.2582	2
913.59605	457.80530	2	42.4982	2
914.50845	458.26150	2	42.7832	2
914.51870	458.26665	2	47.8455	2
915.44750	458.73100	2	39.1824	2
915.46640	458.74045	2	44.2696	2
915.47135	458.74295	2	38.6996	2
915.50465	458.75960	2	34.5740	2
915.52075	458.76765	2	51.3160	2
915.53880	458.77665	2	37.4741	2
916.48590	459.25020	2	43.1598	1
916.49820	459.25640	2	39.7711	2
917.48225	459.74840	2	42.2823	2
917.48590	459.75020	2	40.2338	2
918.44910	460.23180	2	81.3626	2
918.48380	460.24915	2	54.9566	2
918.49155	460.25305	2	65.6182	2
918.51785	460.26620	2	58.5297	2
918.51820	460.26635	2	64.6103	2
919.40290	460.70870	2	35.1535	2
919.44340	460.72900	2	49.1903	1
919.46845	460.74150	2	53.9485	2
919.50900	460.76175	2	54.1882	2
919.51275	460.76365	2	48.4588	2
919.51630	460.76540	2	58.9590	2
919.52045	460.76750	2	66.3353	2
920.49695	461.25575	2	48.6314	2
920.50625	461.26040	2	43.5334	2
921.44465	461.72960	2	42.6983	2
921.46620	461.74040	2	38.0016	1
922.44050	462.22750	2	51.3730	2
922.45115	462.23285	2	40.6082	2
923.43480	462.72465	2	45.6319	2
923.47175	462.74315	2	42.8410	2
923.58110	462.79780	2	79.5182	1
924.42990	463.22220	2	39.5537	2
924.43745	463.22600	2	49.6943	2
924.53805	463.27630	2	53.9013	2
924.56400	463.28925	2	56.8794	2
925.46960	463.74210	2	80.7404	1
926.51870	464.26665	2	41.0025	2
926.58045	464.29750	2	61.8487	2
926.59095	464.30275	2	62.9665	2
927.37530	464.69495	2	31.9555	2
927.56460	464.78955	2	84.4162	2
928.45495	465.23475	2	52.0359	2
928.52285	465.26870	2	53.0320	2
928.53375	465.27415	2	51.4039	2
928.55925	465.28690	2	64.2091	2
928.55930	465.28690	2	58.6088	1
929.45645	465.73550	2	40.3295	2
929.45665	465.73560	2	32.3746	2
929.47320	465.74390	2	51.6064	1
929.48020	465.74740	2	39.0879	2
929.49960	465.75705	2	54.4650	2
929.50680	465.76070	2	56.5102	2
929.51140	465.76300	2	49.8992	2
929.51840	465.76645	2	42.8918	2
929.51870	465.76660	2	44.9340	2
929.51905	465.76680	2	38.4304	2
930.42390	466.21930	2	62.4625	1
930.44075	466.22765	2	34.3515	2
930.46785	466.24120	2	37.4818	2
930.47775	466.24615	2	43.8350	2
930.51755	466.26605	2	66.1622	2
931.44350	466.72900	2	30.8292	1
931.46930	466.74195	2	38.2136	2
931.48585	466.75020	2	50.2820	2
931.50165	466.75810	2	57.3335	2
931.51165	466.76310	2	59.4266	2
931.51560	466.76510	2	65.3559	1
931.53485	466.77470	2	69.2309	2
932.54470	467.27960	2	44.1192	2
933.43800	467.72630	2	33.4381	1
933.45630	467.73545	2	39.3719	2
933.46585	467.74020	2	52.6365	2
933.48455	467.74955	2	52.9990	2
933.50300	467.75880	2	53.7120	2
933.52835	467.77145	2	57.8448	2
933.54025	467.77740	2	35.0382	2
934.41760	468.21610	2	41.9488	2
934.45065	468.23260	2	41.1982	2
934.47590	468.24520	2	36.9511	1
934.48725	468.25090	2	56.5428	2
934.48885	468.25170	2	35.5199	2
934.51240	468.26350	2	59.9777	2
934.52405	468.26930	2	61.0449	2
934.98630	468.50045	2	45.2380	4
935.40285	468.70870	2	28.8767	2
935.47090	468.74275	2	46.7870	2
935.47130	468.74295	2	61.6900	2
937.41470	469.71460	2	37.0052	2
937.48680	469.75070	2	42.4761	2
937.51210	469.76335	2	59.2895	2
938.43555	470.22505	2	39.8865	2
939.43060	470.72260	2	63.8386	1
939.46215	470.73835	2	34.7836	2
939.48170	470.74815	2	81.7000	2
939.51390	470.76425	2	34.1880	2
939.54975	470.78215	2	57.3292	2
939.56415	470.78935	2	82.0891	2
940.44370	471.22915	2	46.9033	2
940.52705	471.27080	2	63.4439	2
940.53470	471.27460	2	36.7440	1
941.57920	471.79690	2	68.1708	2
941.60645	471.81050	2	80.8411	2
941.93075	471.97265	2	40.8017	4
942.48790	472.25125	2	45.5344	2
942.50230	472.25840	2	38.2339	2
943.44870	472.73160	2	62.5402	1
943.46060	472.73760	2	38.0633	1
943.48750	472.75105	2	45.6537	2
943.50770	472.76120	2	38.1660	1
943.51520	472.76490	2	49.5456	4
943.52400	472.76925	2	63.9306	2
944.42495	473.21975	2	39.4978	2
944.43065	473.22260	2	64.9814	2
944.49330	473.25395	2	44.8190	2
944.50435	473.25950	2	32.8197	2
944.51105	473.26280	2	65.4531	2
944.55480	473.28470	2	56.1308	2
945.45995	473.73725	2	78.4385	2
945.49525	473.75490	2	46.3426	2
945.51260	473.76360	2	42.5559	2
945.54945	473.78200	2	60.2442	2
946.50850	474.26150	2	36.6285	1
946.50885	474.26170	2	39.2291	2
946.51295	474.26375	2	47.6764	2
946.53320	474.27390	2	40.1157	2
946.54920	474.28190	2	75.7924	2
947.43460	474.72455	2	40.5101	2
947.48670	474.75065	2	47.0936	2
947.51540	474.76495	2	72.8095	2
948.46570	475.24010	2	54.1703	2
948.46610	475.24035	2	46.1588	2
948.61200	475.31325	2	58.2947	2
949.48715	475.75085	2	55.6563	2
949.49100	475.75275	2	88.2198	2
949.50615	475.76035	2	78.7857	2
949.52810	475.77135	2	81.0110	2
950.45315	476.23390	2	51.5584	2
950.48085	476.24770	2	48.2989	2
950.48655	476.25055	2	75.0391	2
950.50140	476.25800	2	60.9520	2
950.50715	476.26085	2	53.0876	2
951.51735	476.76595	2	81.6384	2
952.44960	477.23210	2	48.8946	2
952.45075	477.23265	2	44.9162	2
952.46960	477.24210	2	52.2003	1
952.53470	477.27465	2	44.0889	2
954.44570	478.23015	2	53.7877	2
954.52925	478.27190	2	63.6055	2
955.53380	478.77420	2	64.3095	2
955.57020	478.79240	2	62.5658	1
956.50345	479.25900	2	40.4196	2
956.51815	479.26635	2	38.8688	2
956.52880	479.27170	2	48.4662	2
956.52900	479.27175	2	54.6510	2
956.53020	479.27240	2	45.9264	2
956.57855	479.29655	2	79.1073	2
957.48850	479.75150	2	34.9921	2
957.51520	479.76490	2	49.5136	1
957.52555	479.77005	2	42.8100	2
957.59630	479.80545	2	49.1544	2
958.48730	480.25095	2	57.9357	2
958.50835	480.26145	2	58.2259	2
959.50745	480.76100	2	42.9264	2
959.53100	480.77275	2	44.5446	2
959.53315	480.77385	2	70.4190	2
959.55515	480.78485	2	59.4924	2
959.58105	480.79780	2	85.2859	2
960.47640	481.24550	2	43.7809	1
960.51240	481.26350	2	41.2234	2
960.53260	481.27360	2	59.0521	1
960.53860	481.27660	2	62.9915	2
961.45260	481.73360	2	36.2423	2
962.47235	482.24345	2	47.9975	2
962.47305	482.24380	2	41.1732	2
962.50425	482.25940	2	63.8758	2
962.53805	482.27630	2	87.8736	2
963.44480	482.72970	2	55.9792	2
963.50220	482.75835	2	42.1655	2
963.50530	482.75995	2	36.7237	2
963.55520	482.78485	2	76.2586	2
964.45950	483.23700	2	40.1364	1
964.48005	483.24730	2	70.7599	2
964.49820	483.25640	2	44.8529	2
964.52285	483.26870	2	55.5519	2
965.44500	483.72975	2	43.2716	2
965.44650	483.73055	2	37.2474	2
965.45930	483.73695	2	39.6951	2
965.48205	483.74830	2	62.1513	2
965.62880	483.82170	2	84.1636	1
966.46605	484.24030	2	43.5557	2
966.46635	484.24050	2	38.7312	2
966.49220	484.25340	2	76.6320	2
966.52415	484.26935	2	48.4938	2
967.47845	484.74650	2	59.4331	2
967.51985	484.76720	2	31.6966	2
967.52390	484.76925	2	48.9423	2
967.54570	484.78010	2	38.9738	1
967.58140	484.79800	2	58.1760	2
968.44545	485.23000	2	42.3679	2
968.52630	485.27045	2	39.3206	2
968.52950	485.27200	2	50.3042	2
969.48800	485.75130	2	42.1223	1
969.52495	485.76975	2	51.9114	2
969.56060	485.78755	2	54.0965	2
969.58600	485.80025	2	70.2104	2
969.58700	485.80075	2	65.5232	2
970.48695	486.25075	2	56.0425	2
970.54390	486.27920	2	57.4013	1
970.57935	486.29695	2	46.8158	2
970.58125	486.29790	2	35.3113	2
970.58170	486.29815	2	70.6327	2
971.50395	486.75925	2	33.4846	2
971.52845	486.77150	2	60.3023	2
971.52865	486.77160	2	38.1853	2
971.52900	486.77175	2	50.1464	2
971.55385	486.78420	2	59.2288	2
971.56560	486.79010	2	35.8236	2
971.56600	486.79030	2	45.8898	2
972.46635	487.24050	2	35.3934	2
972.51360	487.26410	2	44.7786	1
973.50765	487.76110	2	43.7986	2
973.53885	487.77670	2	36.0016	2
974.50270	488.25865	2	40.0413	2
974.51755	488.26605	2	60.4236	2
975.50240	488.75845	2	53.6872	2
975.51400	488.76430	2	46.4534	2
976.49780	489.25615	2	59.6025	2
976.50785	489.26120	2	49.4547	2
976.54585	489.28020	2	42.8712	2
977.44330	489.72895	2	48.5210	2
977.48180	489.74820	2	62.0968	2
977.48230	489.74840	2	47.1681	2
978.46475	490.23965	2	47.4249	2
978.50135	490.25795	2	61.5664	2
979.44955	490.73205	2	67.6841	2
979.46100	490.73780	2	40.5006	2
979.49730	490.75590	2	53.7987	2
979.50120	490.75785	2	29.7145	2
979.51530	490.76490	2	68.6067	1
979.56950	490.79205	2	42.2282	2
980.49555	491.25505	2	53.4840	2
981.45205	491.73330	2	63.7478	2
981.52365	491.76910	2	32.0675	2
981.59740	491.80595	2	43.0228	2
982.45965	492.23710	2	35.6481	2
982.47710	492.24580	2	43.7159	2
982.51900	492.26680	2	40.1233	2
983.47505	492.74480	2	49.7052	2
983.50605	492.76030	2	44.0333	2
983.55540	492.78500	2	72.3895	3
983.57635	492.79545	2	65.7258	2
983.58620	492.80035	2	73.0592	2
983.58860	492.80160	2	46.0710	2
983.60195	492.80825	2	59.5392	2
984.43780	493.22615	2	36.0672	2
984.45485	493.23470	2	59.0149	2
984.49370	493.25410	2	53.0849	1
984.56000	493.28730	2	31.0493	1
984.63310	493.32380	2	51.6362	2
985.50110	493.75785	2	46.8726	2
985.51985	493.76720	2	45.4816	2
985.54115	493.77785	2	47.7683	2
985.54960	493.78210	2	44.9745	2
986.49075	494.25265	2	69.0617	2
986.49815	494.25635	2	71.1149	2
986.50350	494.25900	2	41.6437	1
987.49920	494.75690	2	33.5446	2
987.52405	494.76930	2	46.4864	2
987.53485	494.77470	2	50.9681	2
987.57120	494.79290	2	60.7804	1
988.48310	495.24885	2	40.2414	2
988.50725	495.26090	2	54.3507	2
988.52000	495.26730	2	44.4180	2
988.54415	495.27935	2	48.8071	2
988.58120	495.29790	2	52.1191	2
989.47635	495.74545	2	35.0821	2
989.50150	495.75800	2	37.7970	1
989.55450	495.78450	2	60.2502	2
989.55460	495.78455	2	49.8375	2
990.46060	496.23760	2	39.1541	2
990.47435	496.24450	2	47.6196	2
990.55025	496.28240	2	74.6788	2
991.38445	496.69950	2	35.9118	2
991.50875	496.76165	2	68.7697	2
991.50890	496.76170	2	62.0543	2
991.54570	496.78010	2	70.7934	2
991.56920	496.79190	2	62.8729	2
992.48555	497.25005	2	57.9981	2
992.53295	497.27375	2	82.4837	2
992.60180	497.30820	2	72.1578	2
993.44180	497.72820	2	44.4436	2
993.45195	497.73325	2	42.0847	2
993.46685	497.74070	2	59.8507	2
993.51180	497.76320	2	51.0219	1
993.51295	497.76375	2	54.5209	2
993.54940	497.78200	2	66.0947	2
994.40215	498.20835	2	36.7186	2
994.49580	498.25520	2	50.4586	2
994.50790	498.26120	2	33.8509	1
994.50835	498.26145	2	49.0569	2
994.51580	498.26520	2	74.3976	2
994.60655	498.31055	2	75.4950	2
994.65325	498.33390	2	47.9138	2
995.49150	498.75300	2	45.3158	1
996.50110	499.25780	2	44.3655	2
996.52755	499.27105	2	49.5701	2
996.53110	499.27280	2	69.9812	1
996.57120	499.29290	2	47.0530	1
997.47050	499.74250	2	61.8680	1
997.47750	499.74600	2	31.9048	1
997.58120	499.79790	2	41.1119	2
998.58630	500.30040	2	42.7200	1
999.48085	500.74770	2	33.6434	2
999.53365	500.77410	2	44.1817	2
999.53450	500.77455	2	32.1458	2
999.57165	500.79310	2	34.4116	2
1000.48740	501.25095	2	38.2539	4
1000.55415	501.28435	2	60.3705	2
1000.56705	501.29080	2	50.5724	2
1001.51575	501.76515	2	45.8266	2
1001.55520	501.78490	2	68.8872	2
1001.56120	501.78790	2	35.8414	1
1001.58640	501.80050	2	49.2180	2
1001.59340	501.80400	2	71.1149	1
1002.47060	502.24255	2	36.3897	2
1002.48220	502.24840	2	40.7674	2
1002.48695	502.25075	2	43.2587	2
1002.52795	502.27125	2	39.6670	2
1002.54650	502.28050	2	35.2373	2
1002.56090	502.28770	2	38.6328	1
1002.58755	502.30105	2	66.3062	2
1003.51910	502.76685	2	46.0969	2
1003.57030	502.79245	2	79.2568	2
1004.44730	503.23090	2	37.0180	1
1004.54060	503.27755	2	49.4664	2
1004.56290	503.28875	2	45.1128	2
1005.48665	503.75060	2	39.9728	2
1005.49170	503.75315	2	32.4837	2
1005.51195	503.76325	2	56.3393	2
1005.53235	503.77345	2	70.3651	2
1005.53540	503.77500	2	38.0959	2
1005.56210	503.78830	2	68.6950	1
1006.45195	504.23325	2	34.2526	2
1006.47170	504.24310	2	43.4297	2
1006.49820	504.25635	2	55.6138	2
1007.45735	504.73595	2	40.5152	2
1007.47460	504.74460	2	52.8428	1
1007.50335	504.75895	2	45.5705	2
1007.50375	504.75915	2	48.8163	2
1007.52210	504.76835	2	66.5188	2
1007.52880	504.77170	2	45.4058	1
1007.54000	504.77725	2	57.5480	2
1007.54430	504.77945	2	69.9327	2
1007.67510	504.84480	2	74.3101	2
1008.47645	505.24550	2	51.9830	2
1009.44780	505.73120	2	43.9541	2
1009.46310	505.73880	2	46.6566	1
1009.51945	505.76700	2	38.5258	2
1009.54910	505.78180	2	89.3577	2
1010.45370	506.23415	2	40.7106	2
1010.49980	506.25720	2	40.8513	2
1010.57620	506.29540	2	70.0061	2
1011.52390	506.76920	2	38.8151	2
1011.53475	506.77470	2	46.9812	2
1011.54630	506.78045	2	44.6745	2
1011.57110	506.79285	2	53.8934	2
1011.60760	506.81110	2	69.1802	2
1012.48700	507.25080	2	60.6884	1
1012.57150	507.29305	2	60.1636	2
1012.57260	507.29360	2	92.5085	5
1012.58130	507.29790	2	62.3028	2
1012.59090	507.30270	2	83.8607	1
1012.60340	507.30900	2	40.9714	2
1012.63980	507.32720	2	50.8418	2
1013.53890	507.77670	2	45.6685	3
1013.55535	507.78495	2	67.0315	2
1013.56220	507.78835	2	39.8523	2
1013.62290	507.81870	2	68.4612	2
1014.53215	508.27335	2	40.2597	2
1014.57060	508.29260	2	47.7961	2
1014.57085	508.29270	2	39.7476	2
1015.47700	508.74580	2	29.9761	1
1015.49155	508.75305	2	41.5968	2
1015.54500	508.77980	2	90.5955	1
1015.58485	508.79970	2	72.6612	2
1016.42625	509.22040	2	30.1384	2
1016.45885	509.23670	2	39.1773	2
1016.51810	509.26630	2	49.4279	1
1016.53195	509.27325	2	50.0940	2
1016.53990	509.27720	2	44.7114	1
1016.54655	509.28055	2	51.0286	2
1016.59990	509.30720	2	67.3011	4
1017.47160	509.74305	2	43.3537	2
1017.51705	509.76580	2	78.5592	2
1017.53485	509.77470	2	40.9263	2
1017.57285	509.79370	2	42.7592	2
1017.62150	509.81800	2	68.0508	2
1018.54200	510.27825	2	42.1597	2
1019.41905	510.71680	2	45.3195	2
1019.50310	510.75885	2	61.4793	2
1019.50345	510.75900	2	44.7558	2
1019.54020	510.77735	2	37.5033	2
1019.54050	510.77750	2	55.4952	2
1019.54670	510.78065	2	68.4873	2
1019.55245	510.78350	2	49.0685	2
1020.44510	511.22980	2	31.6499	2
1020.52350	511.26905	2	65.6350	2
1020.52380	511.26920	2	58.1214	1
1020.52425	511.26940	2	50.8749	2
1020.53395	511.27425	2	56.2766	2
1021.43700	511.72580	2	39.9896	1
1021.44990	511.73225	2	36.5233	2
1021.49460	511.75455	2	32.7438	2
1021.51255	511.76355	2	45.4086	2
1021.54580	511.78020	2	62.0193	2
1021.60385	511.80920	2	53.7039	2
1022.50350	512.25905	2	54.6739	2
1022.51065	512.26260	2	78.6876	2
1023.46285	512.73870	2	88.0957	2
1023.51605	512.76530	2	62.2070	2
1023.60730	512.81095	2	69.6920	2
1024.37500	513.19480	2	43.8532	1
1025.50280	513.75870	2	42.6456	2
1025.55040	513.78250	2	37.7619	1
1025.60400	513.80930	2	50.7337	2
1026.44840	514.23150	2	44.0465	1
1027.56560	514.79010	2	35.4195	1
1027.56695	514.79075	2	38.5258	2
1027.58220	514.79840	2	76.0094	2
1027.59480	514.80470	2	60.3477	1
1027.60325	514.80890	2	70.3531	2
1028.56320	515.28890	2	44.8988	1
1028.57660	515.29555	2	55.4126	2
1029.47750	515.74600	2	43.6386	1
1029.53885	515.77670	2	53.5914	2
1029.55775	515.78615	2	32.4837	2
1029.58290	515.79870	2	38.8616	2
1030.52990	516.27225	2	37.8959	2
1030.59150	516.30305	2	80.3842	2
1030.60700	516.31080	2	77.0938	2
1031.46445	516.73950	2	65.5514	2
1031.50335	516.75895	2	43.3789	2
1031.50685	516.76070	2	50.6405	2
1031.54530	516.77990	2	52.9385	2
1031.58615	516.80035	2	58.2838	2
1032.49845	517.25650	2	43.6833	2
1032.53450	517.27450	2	50.2496	2
1032.59770	517.30610	2	75.0919	2
1033.56645	517.79050	2	44.8245	2
1033.58100	517.79780	2	83.7107	2
1033.61700	517.81580	2	71.2080	2
1034.52190	518.26820	2	66.2685	2
1034.54915	518.28185	2	52.4246	2
1035.48730	518.75095	2	62.4218	2
1035.56170	518.78815	2	61.8626	2
1036.51935	519.26695	2	43.2375	2
1036.51970	519.26710	2	45.2851	1
1036.53365	519.27410	2	72.7944	2
1036.53700	519.27580	2	69.1708	2
1036.55530	519.28490	2	64.7315	2
1037.50610	519.76030	2	36.1044	1
1037.50700	519.76080	2	36.0745	1
1037.52545	519.77000	2	39.4413	2
1037.64950	519.83200	2	72.4418	2
1038.48045	520.24750	2	48.5704	2
1038.48990	520.25220	2	62.0757	1
1038.54650	520.28055	2	37.3003	2
1039.46440	520.73945	2	49.2157	2
1039.49735	520.75595	2	53.5945	2
1039.56430	520.78940	2	49.2922	2
1040.46890	521.24170	2	42.9787	1
1040.49260	521.25355	2	33.2387	2
1040.49625	521.25540	2	43.5632	2
1040.55030	521.28240	2	55.3670	2
1040.57015	521.29235	2	51.3703	2
1040.59825	521.30640	2	58.3043	2
1040.62280	521.31870	2	75.2244	2
1040.65985	521.33720	2	61.4195	2
1041.44070	521.72760	2	46.9229	1
1041.45470	521.73460	2	37.9614	1
1041.52940	521.77200	2	87.2628	1
1041.53250	521.77355	2	51.4894	2
1041.53560	521.77510	2	48.0945	1
1042.51490	522.26470	2	65.8776	2
1042.53010	522.27235	2	39.6387	2
1042.55580	522.28515	2	54.7370	2
1043.54385	522.77920	2	49.9603	2
1043.55000	522.78225	2	80.0829	2
1043.56165	522.78810	2	35.7625	2
1043.56195	522.78825	2	38.7810	2
1043.60405	522.80930	2	64.8866	2
1044.52030	523.26745	2	46.4536	2
1044.55520	523.28490	2	45.1558	1
1044.56135	523.28795	2	59.7614	2
1045.51095	523.76275	2	58.4603	2
1045.53765	523.77610	2	35.5255	2
1045.54005	523.77730	2	46.2209	2
1045.54075	523.77765	2	33.3055	2
1045.60235	523.80845	2	61.8992	2
1046.52575	524.27015	2	37.9865	2
1046.59830	524.30640	2	50.7289	2
1047.52645	524.77050	2	61.3140	2
1047.56410	524.78930	2	60.9594	2
1048.55830	525.28640	2	33.8899	2
1049.52555	525.77005	2	52.1012	2
1049.53390	525.77420	2	41.8999	1
1049.56115	525.78785	2	39.6619	2
1050.50880	526.26170	2	43.8582	1
1050.53370	526.27415	2	49.4666	2
1050.55805	526.28630	2	33.4586	2
1050.57150	526.29305	2	63.5478	2
1051.49345	526.75400	2	39.1561	2
1052.46300	527.23880	2	59.0223	1
1052.55220	527.28340	2	56.1777	1
1053.61810	527.81635	2	57.2980	2
1054.53415	528.27435	2	76.2868	2
1054.54110	528.27780	2	33.8570	2
1054.60320	528.30885	2	58.3764	2
1055.42300	528.71875	2	48.6352	2
1055.49270	528.75365	2	46.2481	2
1055.50640	528.76045	2	54.4689	2
1055.58475	528.79965	2	65.1399	2
1056.58175	529.29815	2	56.2102	2
1056.59305	529.30380	2	53.9306	2
1057.49875	529.75665	2	39.9155	2
1057.57615	529.79535	2	38.2885	2
1057.57750	529.79605	2	46.0373	2
1057.61530	529.81495	2	39.2918	2
1057.63935	529.82695	2	79.1961	2
1058.49270	530.25365	2	51.7588	2
1058.54450	530.27950	2	79.8246	2
1058.55980	530.28715	2	73.4368	2
1058.57160	530.29305	2	48.1853	2
1058.59725	530.30590	2	41.6808	2
1059.50965	530.76210	2	45.2107	2
1059.54005	530.77730	2	56.7627	2
1060.47490	531.24470	2	35.6951	2
1060.52300	531.26875	2	75.7337	2
1060.61745	531.31600	2	84.6002	2
1061.55090	531.78270	2	46.2793	2
1061.57635	531.79545	2	76.0300	2
1062.52310	532.26880	2	79.1007	1
1062.53445	532.27450	2	57.7602	2
1062.58225	532.29840	2	57.4602	2
1063.53080	532.77270	2	45.7698	2
1063.54190	532.77825	2	47.6508	2
1063.56710	532.79080	2	42.2370	1
1063.60670	532.81060	2	77.4151	1
1064.56130	533.28795	2	32.9471	2
1064.63395	533.32425	2	55.7445	2
1065.01760	533.51610	2	40.6870	2
1065.44840	533.73150	2	47.8608	2
1065.55295	533.78375	2	79.5178	2
1065.55340	533.78400	2	62.6565	2
1065.56165	533.78810	2	70.7797	2
1066.45615	534.23535	2	55.0188	2
1066.46710	534.24080	2	33.9533	2
1066.50500	534.25980	2	32.6080	2
1066.50795	534.26125	2	34.7131	2
1066.51860	534.26655	2	57.6366	2
1067.51500	534.76480	2	47.0886	1
1067.57255	534.79355	2	53.5741	2
1068.55035	535.28245	2	38.8434	2
1068.56015	535.28735	2	65.0462	2
1068.58120	535.29790	2	61.4142	1
1068.59330	535.30395	2	58.1734	2
1068.65355	535.33405	2	46.8113	2
1069.53985	535.77720	2	54.7163	2
1070.60750	536.31100	2	75.4896	1
1070.63505	536.32480	2	70.3240	2
1070.65985	536.33720	2	77.3302	2
1071.56635	536.79045	2	50.1541	2
1071.59300	536.80380	2	54.9041	3
1072.53015	537.27235	2	48.7813	2
1072.57365	537.29410	2	74.7431	2
1072.59580	537.30515	2	40.6924	2
1072.61270	537.31360	2	42.6708	2
1073.49915	537.75685	2	46.1283	2
1073.51860	537.76660	2	55.3398	2
1073.58645	537.80050	2	45.3222	2
1073.59115	537.80285	2	60.3097	2
1073.60910	537.81180	2	87.6539	2
1073.65950	537.83705	2	64.5690	2
1074.54625	538.28040	2	44.6585	2
1074.55660	538.28555	2	54.2248	2
1074.57125	538.29290	2	60.9800	2
1075.47880	538.74670	2	35.4506	1
1075.52270	538.76860	2	69.4403	1
1075.53410	538.77430	2	66.9478	2
1075.59150	538.80305	2	71.6617	2
1075.61165	538.81310	2	58.8280	2
1075.62795	538.82125	2	68.6526	2
1076.51380	539.26415	2	50.2701	2
1076.52555	539.27005	2	34.8539	2
1076.56055	539.28755	2	55.1334	2
1076.57085	539.29270	2	44.1510	2
1077.60470	539.80960	2	40.7441	2
1078.47435	540.24445	2	36.9744	2
1078.50350	540.25905	2	42.4503	2
1081.62480	541.81965	2	61.0854	2
1082.53370	542.27415	2	55.8024	2
1082.55590	542.28520	2	83.2194	2
1082.62470	542.31960	2	77.9481	2
1083.62830	542.82140	2	71.0425	1
1084.47505	543.24480	2	31.9485	2
1084.48455	543.24955	2	40.1156	2
1084.54455	543.27955	2	30.3132	2
1084.56975	543.29215	2	46.5952	2
1084.57070	543.29260	2	90.1842	2
1084.57250	543.29350	2	96.9488	6
1084.63885	543.32670	2	79.7391	2
1084.66070	543.33765	2	56.7291	2
1085.60880	543.81165	2	52.2414	2
1085.61395	543.81425	2	44.9875	2
1085.62395	543.81925	2	75.9174	2
1085.64540	543.82995	2	68.3432	2
1086.06380	544.03915	2	51.2229	4
1086.55475	544.28465	2	48.7209	2
1086.56540	544.29000	2	51.7569	1
1086.56775	544.29115	2	34.9355	2
1087.55110	544.78280	2	51.8518	2
1087.56480	544.78970	2	43.6078	1
1087.58760	544.80110	2	42.8288	2
1087.59715	544.80585	2	32.0135	2
1087.61375	544.81415	2	71.2645	2
1088.45600	545.23530	2	38.4997	2
1088.50280	545.25865	2	33.0438	2
1088.55360	545.28410	2	71.8918	2
1088.57080	545.29265	2	34.0186	2
1088.60880	545.31170	2	37.0278	2
1089.51865	545.76660	2	33.6096	2
1089.53210	545.77330	2	43.0098	2
1089.55710	545.78585	2	35.5838	2
1089.60280	545.80870	2	45.7921	1
1090.46825	546.24140	2	39.0718	2
1090.60190	546.30825	2	60.1869	2
1091.55750	546.78600	2	40.6252	2
1092.53890	547.27670	2	55.9222	2
1092.54430	547.27940	2	32.2990	1
1092.58170	547.29810	2	54.5833	2
1093.53965	547.77710	2	58.8383	2
1094.08025	548.04740	2	37.9608	4
1094.55140	548.28295	2	68.9704	2
1094.55505	548.28480	2	78.4923	2
1094.56490	548.28975	2	48.7232	2
1094.59810	548.30630	2	58.5118	1
1095.46740	548.74100	2	53.6429	1
1095.56680	548.79070	2	32.5617	1
1096.49685	549.25570	2	61.3049	2
1096.52095	549.26775	2	49.3775	2
1096.56305	549.28880	2	43.1417	2
1097.60840	549.81145	2	57.3368	2
1097.62010	549.81730	2	38.3623	1
1098.52875	550.27165	2	62.2393	2
1098.53625	550.27540	2	45.9796	2
1098.57935	550.29695	2	37.3657	2
1098.58150	550.29800	2	51.0242	2
1099.49370	550.75415	2	61.0749	2
1099.61450	550.81450	2	52.8204	2
1100.46105	551.23780	2	67.1956	2
1100.55765	551.28610	2	34.6999	2
1100.57300	551.29380	2	72.0096	2
1101.60295	551.80875	2	39.1198	2
1101.64780	551.83120	2	87.3002	1
1101.65100	551.83275	2	53.8026	2
1102.56935	552.29195	2	35.6429	2
1102.57675	552.29565	2	65.0513	2
1102.58700	552.30080	2	37.7143	2
1103.56140	552.78800	2	40.6872	2
1103.58070	552.79760	2	51.3381	1
1103.63910	552.82680	2	85.2909	2
1104.45045	553.23250	2	32.2351	2
1104.47605	553.24530	2	36.1768	4
1104.50890	553.26170	2	53.3861	1
1104.53315	553.27385	2	45.4429	2
1104.54640	553.28045	2	45.1961	2
1104.54690	553.28070	2	47.5889	2
1104.56255	553.28855	2	49.4039	2
1104.56625	553.29040	2	34.5170	2
1104.59280	553.30370	2	60.8256	2
1104.62510	553.31980	2	88.3871	2
1104.69000	553.35230	2	89.8286	1
1105.52980	553.77220	2	63.6826	2
1105.57700	553.79575	2	65.6114	2
1106.53995	554.27725	2	48.4315	2
1106.58635	554.30045	2	83.6754	2
1106.60980	554.31220	2	83.0663	2
1107.53880	554.77665	2	62.1514	2
1107.54440	554.77950	2	54.8912	2
1107.54955	554.78205	2	66.5699	2
1107.55620	554.78540	2	38.5761	2
1107.57245	554.79350	2	93.4407	2
1107.57730	554.79590	2	96.7299	7
1107.59225	554.80340	2	45.7152	2
1108.51525	555.26490	2	32.9881	2
1108.54375	555.27915	2	33.5892	2
1108.57115	555.29285	2	79.0197	2
1109.41170	555.71310	2	39.2877	1
1109.50310	555.75880	2	75.8538	2
1109.53270	555.77365	2	79.5248	2
1109.53945	555.77700	2	48.0749	2
1109.54710	555.78085	2	90.9195	2
1109.57120	555.79290	2	34.2442	1
1109.58690	555.80070	2	59.2819	2
1109.61245	555.81350	2	71.9744	2
1109.68030	555.84740	2	79.4785	1
1110.46785	556.24120	2	43.0769	2
1110.52015	556.26735	2	61.1741	2
1110.59180	556.30320	2	83.9577	2
1110.66590	556.34020	2	75.1021	2
1111.44020	556.72740	2	33.5053	3
1111.57135	556.79295	2	35.0609	2
1114.55680	558.28570	2	78.9099	2
1114.56710	558.29080	2	65.1659	2
1114.62375	558.31915	2	62.8144	2
1115.05455	558.53455	2	47.2714	4
1115.51330	558.76395	2	47.9923	2
1115.52535	558.76995	2	34.0486	2
1115.55710	558.78580	2	36.0723	2
1115.58170	558.79810	2	42.9217	2
1115.58180	558.79820	2	54.4899	1
1115.60150	558.80805	2	56.6586	2
1116.50325	559.25890	2	48.0931	2
1116.50550	559.26000	2	44.8730	1
1116.53940	559.27700	2	34.9583	1
1116.56530	559.28995	2	54.9560	2
1116.58165	559.29810	2	73.3088	2
1116.60290	559.30875	2	32.8821	2
1116.61210	559.31330	2	36.4522	2
1117.52560	559.77010	2	46.5082	2
1117.52650	559.77050	2	40.4523	2
1117.54285	559.77870	2	43.3485	2
1117.56200	559.78830	2	51.5782	2
1117.60540	559.80995	2	71.5782	2
1118.48530	560.24995	2	33.9532	2
1118.54750	560.28100	2	76.9153	2
1118.59660	560.30560	2	68.3058	1
1118.63355	560.32405	2	57.8517	2
1119.54185	560.77820	2	70.0037	2
1119.57210	560.79330	2	51.7864	1
1119.58560	560.80010	2	63.2876	2
1119.59530	560.80495	2	68.0746	2
1119.66905	560.84180	2	83.4665	2
1120.05930	561.03690	2	58.2448	4
1120.57570	561.29515	2	61.1302	2
1121.46630	561.74040	2	42.7238	2
1121.53805	561.77630	2	69.3240	2
1121.54760	561.78105	2	44.0051	2
1121.60945	561.81200	2	48.4241	2
1122.51310	562.26380	2	60.4205	1
1123.48020	562.74735	2	47.0734	2
1123.57030	562.79245	2	58.1431	2
1123.58265	562.79860	2	54.4168	2
1124.42430	563.21940	2	30.8342	1
1124.59040	563.30245	2	62.7247	2
1124.61930	563.31690	2	70.0234	2
1124.68050	563.34750	2	81.2390	2
1125.12505	563.56980	2	37.9794	2
1125.51170	563.76315	2	36.2449	2
1125.57120	563.79290	2	44.0842	2
1125.64050	563.82750	2	61.7253	2
1126.49900	564.25680	2	55.0632	1
1126.59990	564.30720	2	52.1494	1
1126.65995	564.33725	2	78.0032	2
1127.47445	564.74450	2	69.7703	2
1127.56470	564.78965	2	43.5028	2
1127.61285	564.81370	2	62.9415	2
1127.65560	564.83510	2	87.7805	5
1128.02800	565.02125	2	39.9953	4
1128.56610	565.29030	2	42.9532	2
1128.57745	565.29600	2	43.6515	2
1128.63930	565.32690	2	60.5787	2
1129.51220	565.76335	2	37.8335	2
1129.58015	565.79735	2	56.4168	2
1129.63425	565.82440	2	36.3625	2
1129.63480	565.82470	2	40.9183	2
1129.67135	565.84295	2	70.8123	2
1130.55750	566.28600	2	28.3497	1
1130.55980	566.28720	2	48.2194	2
1131.57750	566.79605	2	35.4505	2
1131.62960	566.82205	2	71.2366	2
1131.65445	566.83450	2	82.5555	2
1132.53700	567.27575	2	33.6433	2
1132.55600	567.28530	2	57.6443	2
1132.58885	567.30170	2	62.6069	2
1133.55295	567.78375	2	69.8369	2
1133.57115	567.79285	2	73.0013	2
1133.57255	567.79355	2	56.7490	2
1133.57505	567.79480	2	66.8878	2
1133.60985	567.81220	2	63.0007	2
1133.64445	567.82950	2	68.7423	2
1134.53375	568.27415	2	47.3503	2
1134.53390	568.27425	2	44.7885	2
1134.55090	568.28275	2	36.3068	2
1134.57850	568.29655	2	47.1906	2
1134.59265	568.30360	2	48.5858	2
1135.59880	568.80670	2	48.2197	2
1136.53855	569.27655	2	53.7976	2
1136.57095	569.29275	2	58.4884	2
1136.57175	569.29315	2	61.8726	2
1137.46185	569.73820	2	34.0868	2
1137.56550	569.79005	2	83.6621	2
1137.57825	569.79640	2	55.8910	2
1138.56640	570.29050	2	63.0361	1
1138.58700	570.30080	2	35.8160	1
1138.58790	570.30120	2	35.7202	1
1139.54480	570.77965	2	55.1608	2
1139.61070	570.81260	2	36.4475	1
1139.63045	570.82250	2	40.6565	2
1139.65525	570.83490	2	62.3914	2
1140.05335	571.03395	2	67.0234	4
1140.52320	571.26890	2	34.5067	2
1141.55490	571.78470	2	72.5599	1
1141.56890	571.79175	2	63.3904	2
1141.59880	571.80670	2	33.5105	2
1141.61005	571.81230	2	60.1921	2
1142.48905	572.25180	2	46.1045	2
1142.52490	572.26970	2	69.2257	1
1142.55715	572.28585	2	91.3533	2
1142.55830	572.28645	2	52.2464	2
1142.61765	572.31610	2	55.4697	2
1142.63130	572.32295	2	34.9672	2
1143.50805	572.76130	2	56.4211	2
1143.57275	572.79365	2	66.2724	2
1143.58815	572.80135	2	35.6094	2
1143.69125	572.85290	2	87.7169	2
1144.58815	573.30135	2	50.3978	2
1144.59580	573.30520	2	60.8845	1
1144.60965	573.31210	2	39.2420	2
1144.63675	573.32565	2	57.9866	2
1145.08390	573.54920	2	58.1892	4
1145.57490	573.79470	2	47.9667	2
1145.67080	573.84265	2	71.3988	2
1146.57680	574.29565	2	46.5160	2
1146.58675	574.30065	2	73.3118	2
1146.61505	574.31480	2	53.3362	2
1147.55470	574.78465	2	49.7013	2
1147.55780	574.78620	2	44.3347	2
1147.57830	574.79645	2	65.8266	2
1147.58755	574.80105	2	55.4011	2
1147.63905	574.82680	2	88.7940	2
1148.54680	575.28065	2	53.5670	2
1148.56560	575.29005	2	66.9153	2
1148.57065	575.29260	2	80.9159	2
1148.58275	575.29865	2	59.0794	2
1148.60860	575.31160	2	58.9189	1
1148.60940	575.31200	2	63.2140	2
1149.55110	575.78280	2	59.6223	3
1149.56655	575.79055	2	58.4321	2
1150.56930	576.29190	2	59.8976	1
1150.58710	576.30080	2	55.8955	2
1150.58910	576.30180	2	49.1136	1
1151.60950	576.81200	2	74.8173	2
1151.65320	576.83390	2	69.5715	2
1151.72860	576.87155	2	76.6689	2
1152.52155	577.26805	2	78.4280	2
1152.52810	577.27135	2	32.1458	2
1152.53110	577.27285	2	54.3865	2
1152.54890	577.28170	2	61.5106	2
1152.58520	577.29985	2	52.1929	2
1152.58545	577.30000	2	59.1913	2
1154.62010	578.31730	2	60.2718	1
1154.63090	578.32270	2	45.9462	2
1155.55640	578.78545	2	68.9933	2
1155.56360	578.78905	2	36.1848	2
1155.58105	578.79780	2	89.2026	2
1155.62600	578.82030	2	52.8476	2
1155.65045	578.83250	2	49.9315	2
1156.51835	579.26645	2	30.7081	2
1156.51985	579.26720	2	45.8368	2
1156.59135	579.30295	2	86.3451	2
1156.60370	579.30915	2	67.8332	2
1157.59195	579.80325	2	59.4548	2
1157.59415	579.80435	2	53.2055	2
1158.59945	580.30700	2	43.2295	2
1158.62460	580.31960	2	48.7710	1
1158.62490	580.31970	2	46.7239	2
1159.56935	580.79195	2	64.5252	2
1159.57395	580.79425	2	35.4839	2
1159.58025	580.79740	2	46.8399	2
1159.59515	580.80485	2	42.3601	2
1159.62010	580.81735	2	41.3166	2
1159.63925	580.82690	2	81.1414	2
1159.68090	580.84770	2	50.8386	1
1160.58640	581.30045	2	50.5463	2
1160.59245	581.30350	2	74.0774	2
1160.59690	581.30575	2	55.0992	2
1160.59800	581.30630	2	68.5521	2
1160.61500	581.31475	2	38.0421	2
1160.64115	581.32785	2	33.8813	2
1161.05950	581.53705	2	39.2275	4
1161.59905	581.80680	2	46.9869	2
1161.59960	581.80710	2	54.4973	2
1161.60200	581.80830	2	73.9722	1
1161.61465	581.81460	2	54.0074	2
1161.66050	581.83750	2	96.6149	3
1162.59855	582.30655	2	72.7724	2
1163.57645	582.79550	2	66.7318	2
1163.60835	582.81145	2	68.3864	2
1164.60340	583.30895	2	55.8638	2
1164.72405	583.36930	2	71.5439	2
1165.46230	583.73840	2	36.7134	3
1165.57755	583.79605	2	73.6568	2
1165.59890	583.80670	2	47.8271	2
1166.54110	584.27780	2	48.0139	1
1167.59410	584.80430	2	77.0305	1
1167.61815	584.81635	2	85.8433	2
1168.58840	585.30150	2	64.4816	1
1168.63260	585.32360	2	79.1293	1
1168.64610	585.33030	2	50.3382	2
1168.68200	585.34825	2	70.8760	2
1168.68225	585.34840	2	59.5804	2
1168.74320	585.37890	2	80.5322	2
1169.57050	585.79250	2	55.1924	2
1170.63370	586.32410	2	48.3674	2
1170.63680	586.32570	2	45.5576	1
1170.66070	586.33765	2	67.8963	2
1170.66125	586.33790	2	71.5443	2
1171.57690	586.79570	2	66.3556	2
1171.62005	586.81730	2	51.1439	2
1171.62310	586.81885	2	57.3420	2
1171.70080	586.85770	2	55.9029	2
1172.61490	587.31470	2	41.7471	3
1172.61890	587.31670	2	72.3438	2
1172.63120	587.32285	2	67.0922	2
1172.64260	587.32860	2	71.9925	2
1173.58890	587.80175	2	47.7347	2
1173.61440	587.81450	2	86.1757	1
1174.06670	588.04065	2	34.9525	4
1174.51315	588.26385	2	44.6113	2
1174.56085	588.28770	2	55.1065	2
1174.60830	588.31145	2	42.2693	2
1175.57195	588.79325	2	61.6311	2
1175.58625	588.80040	2	69.9430	2
1175.61975	588.81715	2	42.9040	2
1175.65635	588.83545	2	60.1583	2
1176.57390	589.29420	2	32.6577	1
1176.58030	589.29745	2	53.6003	2
1177.63550	589.82505	2	67.3484	2
1177.66250	589.83850	2	91.2727	1
1177.66315	589.83885	2	85.7952	2
1178.51600	590.26525	2	39.5823	2
1178.56915	590.29185	2	31.1285	2
1180.59710	591.30580	2	65.6429	2
1180.70755	591.36105	2	86.6307	2
1181.65245	591.83350	2	55.7724	2
1182.54170	592.27810	2	75.9450	2
1182.60345	592.30900	2	72.3487	2
1182.62350	592.31900	2	73.3789	2
1182.66510	592.33985	2	59.6605	2
1182.68040	592.34750	2	79.5810	2
1184.61955	593.31705	2	77.0984	2
1184.67220	593.34335	2	58.2081	2
1184.67695	593.34575	2	71.1534	2
1185.57450	593.79450	2	87.0759	2
1185.57870	593.79660	2	37.8037	2
1185.63945	593.82700	2	80.2230	2
1185.65135	593.83295	2	65.0831	2
1186.54405	594.27930	2	46.4007	2
1186.65575	594.33515	2	48.1568	2
1187.59070	594.80265	2	50.5721	2
1187.59710	594.80580	2	66.3403	2
1187.62280	594.81870	2	78.2972	2
1187.69565	594.85510	2	86.5744	2
1187.70215	594.85835	2	81.4798	2
1187.70280	594.85870	2	89.0409	2
1188.58940	595.30195	2	43.2924	2
1188.59990	595.30720	2	47.2438	1
1188.61555	595.31505	2	51.2609	2
1189.54070	595.77765	2	79.4410	2
1189.63760	595.82605	2	52.9107	2
1189.64625	595.83040	2	70.9944	2
1189.67145	595.84300	2	75.2241	2
1190.56095	596.28775	2	56.1261	2
1190.58970	596.30210	2	35.2602	1
1190.60000	596.30730	2	65.2239	2
1191.55285	596.78370	2	42.5349	2
1191.61360	596.81410	2	58.7277	1
1191.66575	596.84015	2	83.3425	2
1192.52875	597.27165	2	47.5273	2
1192.61615	597.31535	2	67.4556	2
1192.66195	597.33825	2	88.0093	2
1193.61520	597.81485	2	39.6157	2
1193.62025	597.81740	2	100.2745	2
1193.63315	597.82385	2	68.7369	2
1193.67020	597.84240	2	90.9669	2
1194.51100	598.26280	2	32.3505	2
1194.61950	598.31700	2	73.6835	1
1195.60950	598.81205	2	61.5159	2
1196.55020	599.28240	2	46.2883	2
1196.57325	599.29390	2	36.5726	2
1196.65140	599.33300	2	49.8493	2
1197.54565	599.78010	2	78.8454	2
1197.57020	599.79240	2	53.0553	2
1197.57560	400.19915	3	36.7077	2
1197.62410	599.81930	2	60.8538	1
1197.69755	599.85605	2	76.0662	2
1198.61945	400.54705	3	52.9109	2
1198.65595	400.55925	3	41.7102	2
1198.65655	600.33555	2	41.7641	2
1199.54600	600.78030	2	50.3588	1
1199.54685	600.78070	2	55.6479	2
1199.67175	600.84315	2	91.0030	2
1199.71250	600.86350	2	79.3116	2
1200.62245	601.31850	2	60.0691	2
1200.62280	401.21490	3	43.0612	1
1200.62490	601.31975	2	43.1028	2
1200.64650	601.33050	2	52.8810	2
1200.65025	601.33240	2	80.4780	2
1201.58200	601.79830	2	44.7837	5
1201.59880	601.80670	2	66.9204	2
1201.62015	601.81735	2	75.6927	2
1201.62890	401.55020	3	37.5230	1
1201.62995	601.82225	2	37.8933	2
1201.66760	601.84110	2	47.7332	1
1201.67020	601.84240	2	57.7821	1
1202.58925	602.30190	2	41.2304	2
1202.60470	401.87550	3	49.3730	2
1202.60510	602.30980	2	49.4089	2
1202.64095	401.88760	3	40.1798	2
1202.64135	602.32795	2	40.2005	2
1202.65050	602.33255	2	65.8253	2
1203.59905	602.80680	2	42.4508	2
1203.61655	602.81555	2	90.0489	6
1203.67295	602.84375	2	52.4899	2
1204.58470	603.29965	2	53.4293	2
1204.60880	603.31170	2	58.0520	2
1204.61330	603.31395	2	80.8410	2
1204.65670	402.55950	3	48.9933	2
1204.65680	603.33565	2	49.0291	2
1205.56470	603.78960	2	60.6298	1
1205.56475	402.86220	3	60.5696	2
1205.59080	402.87090	3	60.2922	1
1205.62980	603.82220	2	57.3595	2
1205.63995	603.82725	2	55.2500	2
1205.71275	402.91150	3	66.1556	2
1205.71360	603.86410	2	66.2624	1
1206.59500	604.30480	2	61.9889	1
1206.60830	604.31140	2	73.7112	2
1206.62410	604.31935	2	65.3141	2
1207.57210	604.79330	2	44.7533	3
1207.57250	604.79355	2	63.4539	2
1207.62170	604.81815	2	56.1848	2
1207.62490	604.81975	2	73.3994	2
1207.67210	604.84335	2	85.4166	2
1207.76560	604.89005	2	81.7562	2
1208.59515	605.30485	2	83.7808	2
1208.60360	605.30910	2	69.2203	1
1208.67930	605.34690	2	92.1574	1
1209.58900	605.80180	2	48.9676	2
1210.58870	606.30160	2	77.8130	1
1210.59965	606.30710	2	64.0203	2
1210.74010	606.37730	2	71.7546	2
1211.61965	606.81710	2	78.9906	2
1211.62590	606.82025	2	36.8523	2
1211.62730	404.88300	3	36.7954	1
1211.65105	404.89095	3	49.5527	2
1211.65130	606.83295	2	49.5817	2
1211.65590	606.83525	2	88.3206	2
1212.50205	607.25830	2	39.0067	2
1212.53170	405.18450	3	52.3779	2
1212.54220	607.27840	2	57.6897	1
1212.56495	405.19560	3	29.9137	2
1213.64585	405.55590	3	54.5301	2
1213.66520	607.83985	2	49.1595	2
1214.59630	608.30540	2	64.3475	1
1214.59740	608.30600	2	64.3825	1
1214.70370	608.35915	2	63.9686	2
1215.59790	608.80620	2	51.0532	2
1215.64680	608.83070	2	61.2154	2
1215.65150	608.83305	2	83.7439	2
1215.68305	608.84880	2	35.9426	2
1215.68365	406.23515	3	35.9143	2
1216.57465	609.29460	2	40.3562	2
1216.57610	609.29530	2	49.8149	2
1216.62335	609.31895	2	56.0611	2
1216.65710	609.33585	2	70.7601	2
1216.72615	609.37035	2	86.7956	2
1217.56205	609.78830	2	71.0893	2
1217.60860	609.81160	2	58.6765	2
1217.67660	406.89950	3	69.2858	1
1218.66520	610.33985	2	84.2994	2
1219.61085	610.81270	2	50.4857	2
1220.64120	611.32790	2	79.1333	2
1221.13365	611.57410	2	51.1218	4
1221.51895	611.76675	2	46.4635	2
1221.59835	611.80645	2	59.9112	2
1221.60910	408.21030	3	32.3056	2
1221.61080	611.81265	2	32.3796	2
1221.63670	611.82560	2	57.5661	3
1222.56860	408.53010	3	31.9853	1
1222.73000	612.37225	2	79.1716	4
1223.54305	612.77880	2	47.6275	2
1223.62610	612.82035	2	37.3053	2
1223.65110	408.89100	3	48.8955	1
1224.62440	613.31950	2	69.3488	2
1224.62705	409.21630	3	54.9777	2
1224.62770	613.32110	2	54.9228	2
1224.65840	409.22670	3	38.2682	2
1224.68310	613.34880	2	44.5980	2
1225.59780	613.80615	2	63.8710	2
1225.67120	613.84285	2	70.1771	2
1226.70765	614.36110	2	82.3586	2
1227.65755	614.83605	2	59.8190	2
1227.66120	614.83790	2	71.1732	2
1227.67220	614.84340	2	69.1266	3
1227.68335	614.84895	2	65.5797	2
1228.68800	615.35130	2	64.8167	1
1228.74090	615.37775	2	83.6806	2
1229.55690	615.78570	2	42.6403	2
1229.61285	615.81370	2	79.6572	2
1229.61980	615.81715	2	50.6737	2
1229.64940	410.89040	3	48.7013	1
1229.73780	410.91985	3	60.0974	2
1230.55830	411.19340	3	34.0426	1
1230.58530	616.29990	2	35.3515	1
1230.58580	616.30015	2	42.7744	2
1230.58820	411.20335	3	36.4271	2
1230.59310	616.30385	2	60.9213	2
1230.61970	616.31710	2	49.7599	2
1230.63910	616.32685	2	79.9140	2
1230.65690	616.33570	2	42.6034	1
1230.65730	411.22640	3	32.0257	1
1230.66120	616.33790	2	83.5944	2
1231.58730	616.80095	2	37.8986	2
1231.62335	616.81895	2	55.9856	2
1231.62410	616.81930	2	88.7574	2
1231.64075	616.82765	2	54.8664	2
1231.65640	616.83550	2	61.6257	2
1231.69205	411.57130	3	59.1644	2
1232.57560	617.29510	2	35.2039	1
1232.60745	617.31100	2	47.2891	2
1233.60750	617.81100	2	51.1350	1
1233.62205	617.81830	2	45.0912	2
1233.66150	617.83800	2	58.2646	2
1234.56825	412.53000	3	41.7407	2
1234.59380	618.30420	2	36.8418	1
1234.59520	618.30490	2	60.2665	1
1234.60950	618.31200	2	57.2418	2
1234.60975	412.54385	3	57.1818	2
1234.65430	618.33440	2	65.1138	2
1235.60710	618.81085	2	41.2577	2
1235.65190	412.89125	3	50.0206	2
1235.66850	412.89680	3	59.3044	2
1235.66915	618.84185	2	59.3415	2
1235.69885	412.90685	3	53.7205	2
1236.56110	619.28785	2	49.1491	2
1237.61415	413.54530	3	46.2190	2
1237.63395	413.55190	3	39.0671	2
1237.63515	619.82485	2	39.1197	2
1237.64640	619.83045	2	65.2470	2
1237.73990	619.87720	2	68.7323	2
1239.59250	620.80350	2	59.7218	2
1239.59695	414.20625	3	37.2153	2
1239.71970	620.86710	2	75.0681	2
1240.16050	621.08750	2	49.5574	4
1240.58775	414.53650	3	37.7986	2
1240.59100	621.30280	2	67.3063	2
1240.61980	621.31720	2	61.5947	1
1240.67990	621.34725	2	76.4700	2
1240.70390	621.35920	2	91.8660	2
1241.59320	621.80385	2	72.0754	2
1241.67100	414.89760	3	44.5025	1
1241.67700	414.89960	3	69.4999	1
1241.77455	621.89455	2	78.5292	2
1241.77515	414.93230	3	78.4876	2
1242.63835	622.32645	2	45.2649	2
1242.64645	622.33050	2	55.8317	2
1242.65930	622.33690	2	36.3272	1
1243.58680	622.80065	2	66.0422	2
1244.54125	623.27790	2	53.1574	2
1244.56815	623.29135	2	47.5602	2
1244.63440	623.32450	2	67.1507	1
1244.67195	415.89795	3	38.1473	2
1245.62015	416.21400	3	48.2766	2
1245.62060	623.81760	2	48.3627	1
1245.64920	623.83190	2	82.6840	2
1245.65970	623.83715	2	44.2144	2
1245.67145	416.23110	3	55.6203	2
1245.67450	623.84450	2	43.4390	2
1246.64935	416.55705	3	68.0677	2
1246.69310	624.35380	2	73.2717	2
1247.58310	416.86830	3	31.1107	2
1248.56190	625.28820	2	50.9275	1
1248.61850	625.31650	2	58.8381	2
1248.67185	625.34320	2	61.7812	2
1249.59240	625.80350	2	50.6403	2
1249.63085	625.82270	2	58.2299	2
1249.65375	625.83415	2	64.7924	2
1249.65700	625.83575	2	83.8007	2
1250.72870	626.37165	2	88.6736	2
1251.66245	626.83850	2	75.6563	2
1251.66600	418.22930	3	50.6942	1
1252.73970	627.37715	2	79.9220	2
1252.75130	418.59100	3	66.7189	1
1252.77940	627.39700	2	92.3349	1
1253.56025	627.78740	2	67.1022	2
1253.63050	418.88410	3	33.2333	2
1253.63070	627.82265	2	33.3461	2
1254.59925	628.30690	2	81.1089	2
1254.72925	628.37190	2	70.0806	2
1254.73050	628.37250	2	41.1681	2
1254.73120	419.25100	3	41.1526	3
1254.73415	419.25195	3	52.7962	2
1255.58400	628.79925	2	43.9259	2
1255.62755	628.82105	2	70.7255	2
1255.65600	419.55925	3	54.1011	2
1255.66830	628.84140	2	74.7155	2
1255.67840	628.84650	2	51.4666	2
1255.70280	628.85870	2	69.9077	2
1255.71315	419.57830	3	66.1254	2
1256.58620	629.30040	2	62.1866	2
1256.61150	629.31300	2	90.2447	1
1256.61305	629.31380	2	50.7957	2
1256.69680	419.90620	3	48.1309	2
1256.69780	629.35620	2	48.1258	2
1256.70500	629.35980	2	97.7049	2
1257.17460	629.59460	2	91.3160	8
1257.64710	420.22300	3	43.2267	1
1257.70030	629.85740	2	89.2319	1
1258.59940	630.30695	2	81.6946	2
1258.67200	630.34330	2	56.5204	1
1258.67740	630.34595	2	67.9875	2
1258.68850	630.35155	2	52.6446	2
1258.76385	630.38920	2	87.7851	2
1259.63365	630.82410	2	75.9398	2
1259.63520	630.82490	2	58.7671	2
1259.66110	630.83785	2	59.4028	2
1260.57860	631.29655	2	37.2073	2
1260.58900	631.30180	2	43.1105	2
1260.67165	631.34310	2	57.6133	2
1261.57880	631.79665	2	51.2530	2
1261.62205	421.54795	3	41.1202	2
1261.67085	421.56420	3	38.8150	2
1261.74540	631.88000	2	96.0365	2
1263.61940	632.81700	2	34.1304	2
1263.62015	422.21400	3	34.0921	2
1263.62975	632.82215	2	57.2133	2
1263.67240	632.84350	2	89.5154	2
1263.68665	632.85060	2	67.4272	2
1264.64895	422.55695	3	61.7555	2
1264.77120	633.39290	2	93.7693	1
1265.58660	633.80060	2	43.0175	2
1265.61130	422.87770	3	31.8994	1
1265.68985	633.85220	2	52.0256	2
1266.56220	634.28835	2	46.5432	2
1266.60060	634.30760	2	60.6936	1
1266.62120	423.21430	3	38.7181	2
1266.63075	634.32265	2	71.8235	2
1267.64770	634.83115	2	82.6704	2
1267.66090	634.83770	2	93.4374	1
1267.68980	634.85215	2	49.9679	2
1268.61415	423.87865	3	53.5123	2
1268.66245	423.89475	3	51.1917	2
1268.66345	635.33900	2	51.2236	2
1268.69825	635.35640	2	70.3334	2
1269.62495	635.81975	2	81.0762	2
1269.62890	635.82175	2	64.0024	2
1269.65860	635.83660	2	47.5004	2
1269.65880	424.22690	3	47.4936	2
1269.67150	424.23110	3	65.3446	1
1269.70340	635.85900	2	63.5645	2
1269.72925	635.87190	2	78.7217	2
1270.65305	636.33380	2	44.0126	2
1270.69980	424.57385	3	62.6907	2
1270.70010	636.35730	2	62.7784	1
1270.72945	636.37200	2	92.7100	2
1271.56585	424.86255	3	78.1905	2
1271.64750	636.83100	2	85.1092	1
1271.68800	424.90330	3	60.7855	1
1271.69155	636.85305	2	64.8045	2
1271.70960	636.86210	2	71.9246	2
1272.60105	425.20760	3	57.9619	2
1272.69275	637.35365	2	65.1030	2
1273.65495	637.83475	2	67.2826	2
1273.66850	637.84150	2	65.7355	2
1273.67730	637.84590	2	86.9211	2
1273.72190	637.86825	2	70.8710	2
1274.64455	638.32955	2	85.3436	2
1274.65165	638.33310	2	77.4471	2
1274.76040	638.38750	2	79.5824	1
1275.54105	638.77780	2	45.7075	2
1275.57360	638.79410	2	61.3565	1
1275.69395	426.23860	3	63.4011	2
1276.61745	639.31600	2	80.5438	4
1276.63495	639.32475	2	77.7953	2
1276.65275	639.33365	2	90.6366	2
1276.66585	639.34020	2	58.8977	2
1276.67350	639.34400	2	86.6944	2
1276.70350	639.35900	2	72.6816	2
1276.70380	639.35915	2	79.0460	2
1277.63180	426.88450	3	80.4387	1
1277.63760	639.82610	2	62.7638	3
1277.67335	639.84395	2	69.4748	2
1277.68745	639.85100	2	76.4425	2
1278.65180	640.33320	2	85.5330	2
1279.62350	640.81900	2	64.2041	1
1279.69640	427.57270	3	54.4427	2
1279.74940	640.88195	2	75.4385	2
1280.57885	641.29670	2	81.5454	2
1280.59990	427.87390	3	38.3974	1
1280.74915	641.38185	2	88.6708	2
1281.55745	641.78600	2	40.4402	2
1281.58700	428.20290	3	69.1603	1
1281.60890	428.21020	3	37.3540	1
1281.61275	641.81365	2	37.2077	2
1281.70650	428.24280	3	42.2703	1
1282.57435	642.29445	2	72.3258	2
1282.58560	642.30010	2	62.2689	2
1282.66850	428.56340	3	57.8130	1
1282.68780	642.35120	2	89.0118	2
1283.61505	642.81480	2	71.1486	2
1283.65180	642.83315	2	66.1550	2
1283.65960	642.83710	2	86.2573	2
1283.71020	428.91070	3	44.8935	1
1284.62825	643.32140	2	91.7976	2
1284.69380	643.35420	2	78.3663	2
1284.70445	643.35950	2	69.6888	2
1284.70455	429.24210	3	43.6231	2
1284.72890	643.37175	2	84.3830	2
1285.66390	643.83925	2	44.0079	2
1285.72415	429.58200	3	46.7167	2
1285.72580	643.87020	2	46.7116	1
1286.64005	644.32730	2	69.3874	2
1286.64490	429.88890	3	69.3578	2
1286.68375	644.34915	2	86.0667	2
1286.69975	644.35715	2	68.8804	2
1286.78545	644.40000	2	86.9501	2
1287.62885	644.82170	2	85.4987	2
1287.68420	644.84940	2	74.3413	2
1288.59045	645.30250	2	45.3464	2
1288.60660	645.31060	2	64.3589	1
1288.66290	645.33875	2	46.7794	2
1288.68605	645.35030	2	67.8130	2
1288.72230	645.36845	2	84.8428	2
1289.58885	645.80170	2	37.5405	2
1289.58965	430.87050	3	37.4979	2
1289.62610	645.82030	2	63.3028	2
1289.62925	645.82190	2	89.6995	2
1289.64640	645.83050	2	50.0887	2
1290.54460	431.18880	3	33.3001	2
1290.54835	646.28145	2	33.3653	2
1290.56960	646.29205	2	40.2940	2
1290.65835	646.33645	2	55.3112	2
1290.66330	431.22840	3	55.6028	1
1291.58000	646.79725	2	45.5009	2
1291.60760	646.81110	2	51.7363	2
1291.66635	646.84045	2	60.8305	2
1292.66250	431.89480	3	62.7986	3
1292.66360	647.33910	2	62.8092	1
1293.62415	647.81935	2	56.1212	2
1294.62270	648.31860	2	69.0050	2
1294.79690	432.60625	3	68.4389	2
1295.74560	648.88010	2	65.2318	2
1295.75640	432.92605	3	61.2424	2
1296.68150	649.34805	2	60.5418	2
1296.68740	433.23640	3	60.5400	1
1296.70580	649.36020	2	69.6846	1
1296.74060	433.25410	3	45.6093	3
1297.23165	649.62310	2	46.3147	4
1297.59210	433.53795	3	58.0574	2
1297.73610	649.87535	2	66.2212	2
1297.76010	433.59400	3	64.1684	1
1298.59430	650.30445	2	38.9486	2
1298.59470	433.87215	3	38.9188	2
1298.69475	650.35465	2	48.9316	2
1298.74645	650.38050	2	93.1512	2
1299.56905	650.79180	2	37.6027	2
1299.67985	650.84720	2	42.0845	2
1299.69410	650.85435	2	80.6191	2
1299.70355	650.85905	2	58.9879	2
1299.71620	650.86540	2	58.5717	1
1300.62520	651.31990	2	87.0811	2
1300.70260	651.35855	2	63.9349	2
1300.70370	651.35915	2	92.8650	2
1300.73940	651.37695	2	76.5340	2
1300.77480	651.39470	2	86.1090	2
1301.63675	434.88620	3	41.8483	2
1301.63700	651.82575	2	41.8851	2
1302.65830	652.33645	2	67.6122	2
1302.72840	652.37145	2	83.2383	4
1303.51420	652.76435	2	66.2796	2
1303.60690	652.81070	2	61.5339	1
1304.60975	653.31215	2	43.8115	2
1304.73360	653.37410	2	79.8845	1
1305.61585	436.21255	3	32.7831	2
1305.62475	653.81965	2	51.9751	2
1305.63510	436.21900	3	62.5393	2
1305.66060	653.83760	2	69.8264	1
1305.70580	653.86020	2	74.4638	2
1306.58350	436.53510	3	41.5375	2
1306.65320	436.55835	3	41.0275	2
1306.66945	654.34200	2	32.9211	2
1306.67470	654.34460	2	76.7504	2
1307.66270	654.83860	2	62.3503	1
1307.66360	654.83910	2	62.3246	1
1308.65810	655.33630	2	64.0551	2
1308.72060	655.36760	2	88.0011	2
1308.72375	437.24850	3	88.0748	2
1308.74240	655.37850	2	61.1660	2
1308.77795	655.39625	2	73.8655	2
1309.65160	655.83310	2	64.5434	2
1309.77530	655.89490	2	89.0993	1
1310.12240	656.06850	2	69.2872	4
1310.55910	656.28680	2	37.9766	1
1310.68035	656.34745	2	81.5844	2
1311.57085	656.79270	2	60.6694	2
1311.58230	656.79840	2	51.1906	1
1311.76585	656.89020	2	85.4817	2
1313.61275	657.81365	2	64.1864	2
1313.69315	438.90495	3	53.3288	2
1313.69385	657.85420	2	53.3653	2
1313.70435	657.85945	2	88.2848	2
1313.71935	438.91370	3	63.0980	2
1313.72020	657.86740	2	86.1344	2
1313.74560	438.92250	3	54.8847	1
1314.59960	439.20710	3	34.6609	1
1314.64150	658.32800	2	64.9448	1
1314.69560	658.35510	2	49.6428	2
1314.69705	658.35580	2	63.9633	2
1314.70005	439.24065	3	49.6357	2
1315.56065	439.52750	3	47.4095	2
1315.65945	658.83700	2	73.7206	2
1315.68215	658.84835	2	61.2224	2
1315.70955	658.86205	2	65.9632	2
1316.56210	659.28830	2	56.4745	1
1316.73410	659.37430	2	69.4822	2
1316.73500	659.37475	2	97.3802	2
1317.61045	440.21075	3	53.7808	2
1317.64195	659.82825	2	43.8953	2
1318.66050	660.33755	2	80.1960	2
1319.66410	440.89530	3	55.0836	1
1319.69165	660.85310	2	82.8421	2
1319.70980	440.91055	3	65.4262	2
1319.71155	660.86305	2	65.5179	2
1320.59640	661.30550	2	73.2504	2
1320.61180	661.31320	2	56.8996	1
1320.62380	441.21520	3	42.3122	1
1320.62415	661.31935	2	42.3338	2
1320.63540	441.21910	3	52.3651	2
1320.68370	661.34910	2	75.3875	3
1321.76480	441.59555	3	82.1159	2
1321.76510	661.88980	2	82.2188	2
1322.66645	662.34050	2	90.2524	2
1322.67145	662.34300	2	65.4630	2
1322.70665	441.90945	3	38.8075	2
1322.70850	662.36150	2	38.9006	2
1322.72665	662.37060	2	73.8137	2
1324.69220	663.35340	2	79.1688	2
1324.73540	663.37495	2	64.4253	2
1325.75040	663.88250	2	84.4212	2
1326.62130	664.31795	2	61.8725	2
1326.68970	664.35210	2	33.0553	2
1326.69005	443.23730	3	33.0814	2
1327.65175	443.55785	3	58.3255	2
1328.74575	443.92250	3	43.6882	2
1328.75280	665.38370	2	72.7466	2
1329.65395	665.83425	2	45.0532	2
1329.69450	665.85450	2	78.2078	1
1329.69475	444.23885	3	67.1984	2
1329.76770	665.89110	2	82.3403	2
1330.71270	666.36360	2	62.8453	2
1330.78210	444.60130	3	87.3621	2
1330.78290	666.39870	2	87.2097	2
1331.67615	666.84535	2	75.6953	2
1331.70750	666.86100	2	64.7923	1
1331.70920	666.86185	2	81.9311	2
1331.72815	666.87135	2	93.5283	2
1331.74530	666.87995	2	83.5228	2
1331.76635	666.89045	2	47.1621	2
1332.64640	667.33050	2	49.0005	2
1332.70430	667.35945	2	84.0444	2
1333.59460	667.80460	2	44.8676	1
1334.66235	445.89475	3	47.7097	2
1334.71810	445.91330	3	55.0044	2
1334.71930	668.36690	2	54.9558	2
1334.72410	668.36935	2	77.7682	2
1335.59410	668.80435	2	53.1459	2
1335.63850	668.82650	2	73.1140	2
1335.64270	668.82865	2	61.0401	2
1336.74680	446.58950	3	44.7377	1
1336.74785	669.38120	2	44.6636	2
1338.61345	670.31400	2	62.1511	2
1338.62010	447.21400	3	54.0059	1
1338.66815	670.34135	2	64.3350	2
1338.71960	670.36710	2	73.8657	2
1339.65210	670.83330	2	65.8798	2
1339.72830	670.87145	2	82.7356	2
1339.74590	447.58925	3	56.9536	2
1339.75235	670.88345	2	83.0609	2
1339.77250	670.89355	2	95.2506	2
1340.59965	671.30710	2	50.5823	2
1340.73055	671.37255	2	63.2822	2
1341.19820	671.60640	2	46.5166	4
1341.62145	671.81800	2	76.3511	2
1341.70040	448.24070	3	47.7517	1
1342.65145	448.55775	3	39.4873	2
1342.65185	448.55790	3	55.4285	2
1342.69130	672.35290	2	71.8156	1
1342.70810	448.57660	3	57.7197	1
1342.71085	672.36270	2	63.9970	2
1342.73525	672.37490	2	82.2951	2
1343.76660	448.92945	3	55.7650	2
1343.76740	672.89100	2	55.7774	2
1344.68300	673.34880	2	54.6070	1
1344.71405	673.36430	2	67.4017	2
1344.73050	449.25080	3	73.5056	1
1344.73910	673.37680	2	96.1693	1
1344.74070	673.37765	2	84.7870	2
1344.74445	449.25545	3	83.3151	2
1344.74720	449.25635	3	69.4136	2
1345.62325	673.81890	2	35.3006	2
1345.62440	449.54870	3	35.1984	1
1345.73290	673.87370	2	99.8577	1
1346.57790	674.29625	2	41.5966	2
1346.60020	449.87400	3	54.0420	2
1346.67395	674.34425	2	74.3678	2
1346.68360	674.34905	2	79.2925	2
1346.76725	449.92965	3	69.9636	2
1346.76740	674.39100	2	70.0576	2
1347.66805	674.84130	2	89.6505	2
1347.74840	450.25675	3	64.8934	2
1349.64010	675.82730	2	62.0959	1
1349.68400	675.84925	2	70.8411	2
1349.68490	675.84970	2	62.2043	1
1350.60960	676.31210	2	41.5227	1
1350.64315	676.32885	2	77.4121	2
1350.71625	676.36540	2	75.0735	2
1351.63825	451.55335	3	36.1488	2
1351.63990	676.82720	2	36.1318	2
1351.64125	676.82790	2	61.9312	2
1352.59550	451.87240	3	32.7659	1
1352.63970	677.32715	2	64.5822	2
1352.72940	451.91705	3	56.3391	2
1352.75650	677.38555	2	69.3314	2
1353.72065	677.86760	2	89.3427	2
1353.72590	677.87020	2	66.8803	2
1354.73010	678.37235	2	90.6285	2
1355.71650	678.86550	2	86.7667	2
1355.71730	678.86590	2	89.0047	1
1355.72255	678.86855	2	76.4161	2
1355.73115	678.87285	2	57.8764	2
1355.77820	452.93330	3	60.5088	1
1355.77890	678.89670	2	83.3508	2
1356.73715	679.37585	2	61.3569	2
1356.74905	453.25695	3	49.8421	2
1356.75040	679.38245	2	49.9034	2
1357.66305	679.83880	2	51.0879	2
1357.67075	679.84265	2	32.2074	2
1357.67240	453.56475	3	32.1378	2
1357.74575	679.88015	2	59.8581	2
1357.74625	453.58935	3	59.7820	2
1358.15440	453.72540	3	52.8612	4
1358.63020	680.32240	2	61.0090	1
1358.65970	680.33715	2	90.1605	2
1358.66165	680.33810	2	58.1705	2
1358.66830	680.34145	2	47.2890	2
1358.66960	453.89715	3	47.2160	2
1358.67730	453.89970	3	40.3566	2
1358.67905	680.34680	2	40.3834	2
1358.74245	680.37850	2	84.0812	2
1358.75760	680.38605	2	93.6847	2
1359.68315	680.84885	2	68.3863	2
1359.68645	454.23610	3	40.1382	2
1359.83500	454.28560	3	58.3258	1
1360.58590	454.53590	3	35.7649	2
1360.69920	681.35690	2	76.8292	2
1361.66680	681.84065	2	41.9451	2
1361.72385	681.86920	2	72.8070	2
1361.72505	681.86980	2	90.0235	2
1362.58990	682.30220	2	49.7498	2
1362.64520	682.32990	2	54.7717	2
1362.71420	682.36440	2	89.1360	1
1362.71450	682.36455	2	59.4820	2
1362.72040	682.36750	2	84.7562	2
1363.65735	682.83595	2	64.1496	2
1363.68540	682.85000	2	74.1500	2
1363.69155	455.57110	3	46.6568	2
1363.69370	682.85410	2	46.7594	2
1364.59140	683.30300	2	52.3850	1
1364.63990	683.32720	2	65.6951	1
1364.66855	683.34155	2	46.3952	2
1364.68355	683.34905	2	62.6386	2
1364.71855	683.36655	2	66.0308	2
1364.73340	683.37400	2	70.5814	2
1365.68170	456.23450	3	57.1235	2
1366.61910	684.31685	2	70.0307	2
1366.73020	456.58400	3	38.4824	1
1366.76050	456.59410	3	38.5813	2
1367.54450	684.77955	2	35.0864	2
1367.65430	456.89205	3	52.5585	2
1367.67215	456.89800	3	51.4365	2
1367.68710	456.90295	3	52.8738	2
1367.68750	684.85100	2	52.9434	2
1367.71265	684.86360	2	72.9334	2
1367.76770	684.89115	2	84.6083	2
1367.77780	684.89620	2	76.4528	2
1368.64760	457.22310	3	68.9005	1
1369.67515	457.56565	3	53.2960	2
1369.79355	685.90405	2	56.0687	2
1369.79395	457.60525	3	56.0647	2
1370.72145	686.36800	2	80.9457	2
1370.81835	686.41645	2	95.8531	2
1371.68300	686.84875	2	74.7538	2
1371.73745	458.25310	3	50.7627	2
1372.58460	687.29960	2	64.8540	1
1372.68395	687.34925	2	67.4955	2
1372.71645	458.57945	3	55.7121	2
1373.68985	458.90390	3	39.6105	2
1373.74085	687.87770	2	71.9795	2
1373.75275	687.88365	2	58.2376	2
1374.68790	688.35120	2	49.1025	1
1374.68900	459.23690	3	49.0784	1
1374.70905	688.36180	2	74.5312	2
1374.76235	459.26140	3	79.1019	2
1374.76370	688.38910	2	79.1633	2
1374.78895	688.40175	2	85.3187	2
1375.56830	459.53005	3	41.1506	2
1375.69910	459.57365	3	53.5125	2
1375.71450	459.57875	3	77.4876	2
1376.71040	689.36250	2	90.6889	2
1376.71300	689.36380	2	84.4599	1
1376.71910	689.36685	2	66.3278	2
1376.72870	459.91685	3	51.0039	2
1376.85030	459.95740	3	67.7191	2
1377.67165	689.84310	2	84.1977	2
1377.67805	689.84630	2	76.6526	2
1377.68645	460.23605	3	34.3788	2
1377.68665	689.85060	2	34.4224	2
1377.69070	460.23750	3	89.4792	1
1377.69725	689.85590	2	89.1150	2
1377.74180	689.87820	2	85.2064	3
1378.69890	690.35670	2	61.1605	2
1378.75670	690.38560	2	95.3810	2
1379.76625	460.92935	3	73.8995	2
1379.76660	690.89055	2	73.9332	2
1379.77055	690.89255	2	81.2036	2
1380.64230	461.22140	3	55.3723	2
1380.64290	691.32875	2	55.4360	2
1380.79970	691.40710	2	77.6486	2
1381.67450	691.84450	2	67.4689	2
1382.65455	692.33455	2	77.5471	2
1382.76060	692.38755	2	78.6248	2
1383.53975	692.77715	2	29.1682	2
1383.64685	692.83070	2	53.4186	2
1383.68010	462.23395	3	44.6691	2
1384.66330	693.33890	2	57.1889	2
1384.67980	693.34715	2	84.6774	2
1384.73275	462.58485	3	65.2823	2
1385.73495	693.87475	2	76.2245	2
1385.75090	693.88270	2	63.3311	1
1387.55985	694.78720	2	62.8853	2
1387.66575	463.56255	3	49.1445	2
1387.66750	694.84105	2	49.2126	2
1387.68645	694.85050	2	83.4716	2
1387.69570	694.85515	2	57.9121	2
1387.72840	463.58340	3	84.9349	2
1387.73000	694.87225	2	84.9483	2
1387.74755	694.88105	2	66.9381	2
1388.55680	695.28565	2	56.3515	2
1388.70520	695.35985	2	53.0921	2
1389.73395	695.87425	2	88.5180	2
1389.75550	695.88500	2	89.5735	1
1390.75595	464.59260	3	68.9355	2
1391.69290	464.90490	3	61.5766	2
1391.69490	696.85470	2	76.9913	4
1391.70450	696.85955	2	53.8623	2
1391.88750	696.95100	2	89.4162	1
1392.61770	465.21315	3	60.4890	2
1392.66780	697.34120	2	64.2470	2
1392.86780	697.44120	2	85.0440	3
1393.64475	697.82965	2	69.6302	2
1393.65190	697.83320	2	72.0402	2
1393.67790	697.84620	2	71.5140	2
1393.69255	697.85355	2	83.4299	2
1393.70190	465.57460	3	56.8488	2
1393.70395	697.85925	2	78.3313	2
1395.65220	698.83335	2	59.3438	2
1395.71135	466.24440	3	41.5584	2
1395.71265	698.86360	2	41.5402	2
1396.67905	699.34680	2	78.1552	2
1396.80450	699.40955	2	67.5884	2
1397.60265	466.87485	3	48.0152	2
1397.73520	699.87490	2	90.3285	1
1397.78790	466.93655	3	66.6398	2
1397.79420	699.90440	2	80.5049	2
1398.62710	700.32085	2	53.3960	2
1398.77120	700.39285	2	64.9883	2
1399.67285	700.84370	2	72.1655	2
1399.69470	700.85460	2	55.4642	2
1401.57005	701.79230	2	43.8601	2
1401.71145	468.24440	3	43.4066	2
1401.71150	701.86305	2	43.4973	2
1401.76180	701.88815	2	81.5978	2
1401.77690	468.26620	3	40.2784	1
1402.75115	702.38285	2	77.9558	2
1403.64115	702.82785	2	61.8213	2
1403.74145	702.87800	2	42.1051	2
1403.74170	468.92120	3	42.1589	2
1403.74195	702.87825	2	70.2615	2
1404.72820	703.37140	2	76.5969	2
1404.79845	703.40650	2	69.0245	2
1405.65205	703.83330	2	57.1597	2
1405.68190	703.84820	2	72.6588	2
1405.68285	469.56820	3	72.5986	2
1406.66040	469.89410	3	52.6958	1
1406.71530	704.36495	2	75.4377	2
1407.72630	470.24935	3	50.7827	2
1407.78185	470.26785	3	67.3437	2
1407.78225	470.26800	3	61.3020	2
1408.66205	705.33830	2	71.4815	2
1408.66820	705.34140	2	40.5715	2
1409.15845	705.58650	2	76.0382	4
1409.68745	705.85100	2	69.5383	2
1409.74075	470.92085	3	50.1851	2
1410.70075	706.35765	2	56.6990	2
1410.72375	471.24850	3	51.4642	2
1410.77320	471.26500	3	58.6769	2
1410.80160	471.27450	3	55.9766	1
1411.65900	706.83680	2	49.2768	2
1411.67455	706.84455	2	73.3147	2
1411.71735	471.57970	3	71.1670	2
1411.83010	471.61730	3	73.8635	1
1411.83035	706.92245	2	73.7206	2
1412.64560	707.33005	2	90.3070	2
1412.77580	707.39520	2	52.0030	2
1412.81455	707.41455	2	83.9546	2
1412.83880	471.95355	3	67.8646	2
1412.83960	707.42710	2	67.9010	2
1413.67450	707.84455	2	39.0384	2
1413.76625	707.89040	2	62.5784	2
1414.72410	708.36930	2	61.7477	1
1414.73140	472.58440	3	48.5792	2
1414.73140	708.37295	2	48.6396	2
1414.73150	708.37305	2	82.7759	2
1415.65045	708.83250	2	93.6637	2
1415.67720	472.89970	3	45.4352	1
1415.69015	708.85235	2	58.9493	2
1415.72640	708.87050	2	47.2808	2
1416.72465	709.36960	2	65.7950	2
1416.77995	473.26725	3	60.1023	2
1417.66690	709.84070	2	69.4083	1
1417.66760	709.84105	2	56.4845	2
1417.67905	473.56695	3	47.9020	2
1417.68065	709.84760	2	47.9611	2
1417.71030	709.86245	2	75.1654	2
1417.76940	473.59710	3	36.2271	1
1418.69810	473.90665	3	44.2299	2
1418.70810	710.36135	2	59.1665	2
1418.70910	710.36180	2	81.4730	2
1419.66305	710.83880	2	58.4271	2
1419.69680	474.23950	3	52.1959	3
1419.70070	710.85765	2	52.2515	2
1419.75475	474.25885	3	52.4546	2
1419.75850	474.26010	3	41.5118	1
1419.81305	710.91380	2	82.1882	2
1420.15945	711.08700	2	47.8612	4
1420.70250	711.35855	2	60.9239	2
1421.67745	474.89975	3	63.5385	2
1421.70585	474.90920	3	59.6353	2
1421.80350	474.94175	3	64.6843	2
1422.59465	475.20550	3	38.5589	2
1422.59700	712.30580	2	38.5694	1
1422.67345	475.23175	3	42.2296	2
1422.68640	712.35045	2	66.6067	2
1422.75290	712.38375	2	79.6218	2
1423.67135	712.84295	2	83.3757	2
1424.63170	475.88450	3	50.3927	2
1424.63270	713.32360	2	50.4285	2
1424.71950	713.36705	2	67.9657	2
1424.75260	713.38360	2	60.1222	1
1424.81320	475.94500	3	92.4027	1
1424.81825	713.41640	2	92.4636	2
1425.80980	713.91220	2	74.8700	2
1425.81960	713.91710	2	63.4336	1
1425.81990	476.28055	3	63.3944	2
1426.78980	476.60390	3	44.5181	1
1427.64150	714.82800	2	47.5836	1
1427.72640	714.87045	2	53.6533	2
1427.79675	476.93955	3	58.8587	2
1427.80030	714.90745	2	83.8395	2
1428.71160	477.24445	3	47.3450	2
1428.78150	477.26775	3	77.7436	2
1429.75040	715.88245	2	64.7411	2
1429.75555	477.59245	3	61.2537	2
1429.75740	715.88600	2	61.3683	2
1429.76050	715.88755	2	52.8554	2
1429.80200	715.90825	2	98.7300	2
1430.73760	477.91980	3	51.8244	2
1430.75620	716.38540	2	92.0387	1
1430.76930	716.39195	2	87.2096	2
1431.78690	478.26955	3	66.6633	2
1431.79910	716.90685	2	80.8793	2
1432.71540	478.57910	3	46.4205	2
1432.71600	717.36525	2	46.5238	2
1434.74530	718.37995	2	74.6495	2
1435.66130	718.83790	2	39.9550	1
1435.72945	718.87200	2	69.2408	2
1435.76785	718.89120	2	64.0545	2
1436.69360	479.90510	3	56.7294	2
1436.69465	719.35460	2	56.8120	2
1436.70425	719.35940	2	69.5311	2
1436.76265	479.92815	3	52.7910	2
1436.78760	479.93645	3	63.3674	2
1437.69285	719.85370	2	64.7410	2
1438.58840	480.53675	3	31.8811	2
1439.79955	720.90705	2	74.0251	2
1439.80785	720.91120	2	97.0130	2
1440.81940	721.41695	2	80.4669	2
1441.63235	721.82345	2	78.0772	2
1441.83010	721.92235	2	87.4286	2
1442.64760	722.33110	2	85.0828	1
1442.67020	722.34240	2	52.4894	2
1442.68895	722.35175	2	81.0028	2
1442.69020	481.90400	3	31.2278	1
1442.77065	481.93080	3	62.8775	2
1443.67270	722.84360	2	45.0426	1
1443.77185	482.26455	3	65.7636	2
1443.80975	722.91215	2	74.8755	2
1443.84570	722.93015	2	80.6535	2
1444.67020	723.34240	2	57.3260	1
1444.67820	723.34640	2	86.0808	2
1444.74250	723.37850	2	71.7546	2
1444.77060	482.59750	3	61.9311	2
1444.81325	723.41390	2	88.9482	2
1445.74020	482.92070	3	60.8695	1
1446.71220	724.36340	2	63.6775	3
1447.73200	724.87330	2	68.9428	2
1447.75320	483.59170	3	57.8280	1
1448.71495	725.36475	2	58.0170	2
1448.73670	725.37560	2	78.2380	1
1448.74560	725.38010	2	84.2341	2
1449.67700	725.84575	2	63.4837	2
1449.86695	484.29625	3	61.3906	2
1449.88300	725.94880	2	87.2946	1
1450.72470	726.36960	2	82.9434	2
1450.73670	726.37565	2	90.8805	2
1450.81860	484.61345	3	66.6423	2
1451.66465	484.89550	3	50.0306	2
1451.79800	484.93990	3	52.5377	1
1452.76950	485.26375	3	58.7103	2
1452.80160	727.40805	2	91.6884	2
1453.76115	727.88785	2	57.3648	2
1454.72940	728.37200	2	80.1186	2
1454.76225	728.38840	2	67.8421	2
1454.76300	485.92830	3	67.7724	2
1454.87180	728.44320	2	77.8893	2
1454.87260	485.96480	3	77.9870	2
1455.70065	486.24080	3	69.0541	2
1455.70120	728.85785	2	69.0861	2
1455.83825	728.92640	2	82.0968	2
1457.78820	486.93665	3	82.5419	2
1457.78865	729.90160	2	82.5766	2
1458.74765	730.38110	2	70.1136	2
1459.70505	730.85980	2	59.6938	2
1459.70960	730.86210	2	68.5515	2
1459.74375	730.87915	2	64.6386	2
1459.84020	487.62065	3	76.7162	2
1459.84035	730.92745	2	76.7296	2
1460.78390	731.39925	2	60.7912	2
1461.73890	731.87670	2	65.9793	2
1461.83715	488.28635	3	78.0422	2
1461.84055	731.92755	2	78.2089	2
1462.69320	732.35390	2	66.0974	2
1462.76750	732.39105	2	69.1259	2
1463.67520	488.89900	3	63.7864	2
1463.70730	488.90970	3	67.4871	2
1463.70920	732.86185	2	80.9782	2
1463.70945	732.86200	2	67.3675	2
1463.74240	488.92140	3	73.0591	2
1463.75175	732.88315	2	72.9962	2
1464.74955	489.25710	3	82.7108	2
1464.78890	489.27025	3	63.3338	2
1464.79435	733.40445	2	62.6935	2
1464.79470	733.40465	2	68.7920	2
1464.79510	489.27230	3	66.7612	6
1465.73615	733.87535	2	87.9100	2
1466.66295	489.89490	3	45.1734	2
1466.77270	489.93150	3	45.2855	2
1467.82280	490.28150	3	57.2420	2
1468.69435	735.35445	2	54.5912	2
1468.79770	735.40615	2	75.3223	2
1470.74760	491.25645	3	67.0442	2
1470.74915	491.25695	3	57.1312	2
1470.80170	736.40810	2	89.8781	2
1470.82460	736.41960	2	85.9073	1
1470.84670	736.43065	2	84.2739	2
1471.70830	736.86140	2	55.0652	2
1471.74130	736.87790	2	66.1981	1
1471.75720	491.59300	3	67.9280	2
1472.73835	491.92005	3	58.5571	2
1472.73885	737.37670	2	58.6425	2
1472.75740	737.38600	2	81.8070	1
1474.76760	738.39110	2	80.1469	1
1476.69710	739.35580	2	53.5343	1
1476.71040	739.36250	2	66.0419	3
1477.74450	739.87955	2	85.6914	2
1477.76165	739.88810	2	73.2367	2
1478.77915	740.39685	2	75.3109	2
1479.87740	740.94595	2	80.2471	2
1480.69015	494.57065	3	37.5998	2
1480.71955	741.36705	2	86.3849	2
1480.78880	494.60355	3	65.6737	2
1480.83760	494.61980	3	60.0048	2
1482.81545	742.41500	2	90.7692	2
1482.83155	742.42305	2	69.2683	2
1483.71340	495.57840	3	62.6337	2
1483.74635	495.58935	3	31.0284	2
1483.76325	742.88890	2	77.1608	2
1484.80955	743.41205	2	84.2114	2
1484.82085	495.94755	3	75.7237	2
1484.82210	743.41830	2	75.8128	2
1485.68950	743.85200	2	54.8420	3
1485.82185	743.91820	2	88.1862	2
1485.82325	496.28170	3	88.2275	2
1485.84050	743.92755	2	99.8711	2
1486.72075	496.58085	3	76.6895	2
1486.76570	744.39015	2	72.2237	2
1486.78215	744.39835	2	68.1880	2
1488.64950	745.33200	2	50.0306	2
1488.74295	497.25495	3	46.1658	2
1488.79435	497.27205	3	60.4008	2
1489.74980	745.88215	2	91.2300	2
1491.81120	746.91290	2	90.5899	1
1492.70955	747.36205	2	49.0660	2
1492.73860	498.58680	3	77.0385	2
1492.80785	498.60990	3	77.4257	2
1493.64855	498.89010	3	40.1720	2
1493.74605	498.92265	3	57.4844	2
1493.74910	747.88185	2	57.4190	2
1495.63390	499.55190	3	42.6088	1
1495.65945	748.83700	2	74.2106	2
1495.74195	499.58790	3	70.1515	2
1495.84005	748.92730	2	82.6183	2
1495.85520	499.62565	3	83.1013	2
1495.85725	748.93590	2	83.2128	2
1495.87035	499.63075	3	70.5133	2
1496.68805	749.35130	2	86.4082	2
1496.76120	499.92765	3	57.7099	2
1496.76435	749.38945	2	65.9110	2
1496.78605	749.40030	2	72.0668	2
1496.82495	749.41975	2	92.7819	2
1497.84280	749.92870	2	93.5206	1
1498.76065	750.38760	2	76.0973	2
1498.78090	750.39770	2	69.5256	1
1498.84235	750.42845	2	86.0084	2
1499.71420	500.91200	3	56.7794	2
1500.76340	501.26175	3	57.0329	2
1500.79295	751.40375	2	60.4569	2
1500.81460	501.27880	3	61.9573	1
1500.81740	501.27970	3	70.2915	1
1501.28705	751.65080	2	73.2237	4
1501.71700	751.86580	2	52.0981	2
1501.71755	501.57975	3	52.0581	2
1502.75380	752.38420	2	89.1041	2
1503.71785	752.86620	2	54.1700	2
1504.74870	502.59020	3	55.1474	1
1504.78195	753.39825	2	81.3925	2
1504.79820	753.40640	2	70.3162	1
1504.87755	502.63310	3	81.4119	2
1505.65355	502.89180	3	48.5438	2
1505.72700	502.91625	3	62.3580	2
1505.92145	753.96800	2	94.0105	2
1506.79550	754.40500	2	67.3385	2
1507.71270	503.57815	3	64.7715	2
1507.73320	503.58500	3	53.5027	2
1508.74255	755.37855	2	87.9802	2
1508.76070	503.92750	3	78.1190	2
1508.76100	755.38775	2	78.1793	2
1508.81295	503.94490	3	49.8379	2
1508.81350	755.41405	2	49.8813	2
1508.90340	503.97510	3	65.7356	2
1509.65840	504.22670	3	48.1001	2
1509.65880	755.83670	2	48.1799	1
1509.74685	504.25620	3	53.0120	2
1510.71540	756.36500	2	59.1343	2
1510.71605	504.57930	3	59.0972	2
1510.74475	756.37965	2	75.7816	2
1510.75115	504.59100	3	58.7955	2
1511.65220	756.83340	2	70.5078	2
1511.71565	756.86510	2	43.8034	2
1511.78975	756.90215	2	100.0432	2
1511.85705	756.93580	2	81.7090	2
1512.20815	505.07665	3	44.7872	4
1512.87830	757.44640	2	86.1681	2
1513.69510	757.85480	2	69.8821	2
1513.74975	757.88215	2	78.6548	2
1513.86710	505.62960	3	97.7291	1
1513.87320	757.94390	2	97.6729	2
1514.72150	505.91445	3	57.7251	2
1514.72460	758.36960	2	57.8075	1
1514.79870	758.40660	2	67.5278	2
1514.79925	758.40690	2	92.4713	2
1514.80445	505.94205	3	46.8692	2
1514.85690	505.95955	3	91.1675	2
1514.85855	758.43655	2	91.0624	2
1515.71840	758.86650	2	78.8964	2
1515.75345	506.25840	3	34.3431	2
1515.75410	758.88435	2	34.3892	2
1515.75500	758.88475	2	51.7071	2
1515.76235	758.88845	2	90.2181	2
1515.77060	506.26415	3	79.4356	2
1516.77800	759.39630	2	75.4485	2
1516.79995	506.60725	3	49.9732	2
1516.80065	759.40760	2	80.6296	2
1516.83340	759.42400	2	81.1602	1
1517.73080	759.87270	2	63.4987	1
1517.73785	759.87620	2	70.9602	2
1517.80875	506.94350	3	77.6488	2
1517.80975	759.91215	2	77.7791	2
1518.92550	507.31580	3	64.1261	1
1520.71910	761.36680	2	78.6112	1
1520.73615	761.37535	2	53.8969	2
1521.79530	508.27240	3	46.0055	2
1522.75840	762.38645	2	65.9059	2
1523.88095	762.94775	2	91.1222	2
1524.74010	763.37735	2	72.9253	2
1524.75630	509.25935	3	73.4626	2
1525.76760	509.59650	3	64.6309	1
1526.73275	509.91820	3	35.8180	2
1526.73315	764.37385	2	35.9507	2
1527.71025	510.24405	3	37.2708	2
1528.74270	765.37860	2	93.9188	1
1528.79920	765.40690	2	73.5639	2
1528.81030	510.61070	3	70.5680	2
1529.66210	510.89465	3	40.0226	2
1529.66250	765.83850	2	40.0568	2
1529.84215	510.95465	3	65.1976	2
1529.85825	510.96000	3	80.5922	2
1530.80220	511.27465	3	67.6565	2
1531.69885	511.57355	3	65.4843	2
1531.77530	766.89495	2	66.6921	2
1531.80020	766.90740	2	69.5922	1
1531.81430	766.91440	2	86.3717	1
1532.79590	767.40520	2	72.8760	2
1532.82115	767.41785	2	83.1861	2
1533.74265	512.25480	3	37.1273	2
1533.74440	512.25540	3	51.1725	2
1533.74530	767.87995	2	69.1853	2
1533.79925	767.90690	2	98.2541	2
1533.80640	767.91050	2	76.3261	3
1535.67150	512.89775	3	39.0598	2
1535.67970	768.84710	2	61.1945	2
1535.78300	512.93495	3	69.4703	2
1537.72030	513.58070	3	80.4779	2
1538.65715	770.33585	2	50.4026	2
1538.65745	513.89310	3	50.3290	2
1538.82480	770.41970	2	79.6135	2
1540.80685	514.60955	3	64.2345	2
1540.82120	514.61430	3	48.6834	1
1541.78690	771.90070	2	59.3228	1
1541.78775	514.93650	3	59.2491	2
1541.81775	771.91615	2	70.4188	2
1541.83135	771.92295	2	76.3807	2
1542.77050	515.26410	3	55.1736	1
1542.79095	772.40275	2	62.5444	2
1542.84165	772.42810	2	93.6243	2
1544.71650	773.36550	2	57.9053	2
1546.69820	774.35635	2	67.6754	2
1547.77160	516.93115	3	55.2211	2
1547.81935	774.91695	2	71.6958	2
1547.82520	516.94900	3	63.6586	2
1547.83035	516.95070	3	59.4225	2
1547.83140	774.92300	2	59.3666	2
1547.83690	774.92570	2	83.4927	1
1548.77730	517.26640	3	71.8987	1
1548.77780	775.39615	2	71.8789	2
1548.79980	517.27390	3	62.2767	2
1548.92490	775.46975	2	81.0678	2
1549.74425	775.87940	2	64.0620	2
1549.82700	775.92080	2	74.1187	2
1550.68860	517.90345	3	35.1149	2
1550.74055	776.37755	2	52.3444	2
1550.77090	517.93090	3	58.5474	2
1550.77100	776.39280	2	58.6136	2
1550.77100	776.39280	2	89.8913	1
1550.91545	776.46500	2	90.8680	2
1551.71590	518.24590	3	38.2055	2
1551.77530	518.26570	3	40.9010	1
1551.84425	776.92940	2	91.1566	2
1552.73400	518.58530	3	68.2638	1
1553.83185	518.95120	3	82.1462	2
1553.83335	777.92395	2	82.1576	2
1555.73785	778.87620	2	73.0939	2
1555.75045	519.59075	3	52.7309	2
1555.79240	778.90350	2	84.3838	1
1555.84400	778.92930	2	83.1847	1
1555.85740	519.62640	3	35.3878	2
1555.88050	519.63410	3	78.6548	2
1556.84390	779.42925	2	91.8395	2
1557.78230	779.89840	2	80.7348	1
1557.83815	779.92635	2	90.7567	2
1558.77290	780.39375	2	68.4696	2
1559.75170	520.92450	3	72.2609	2
1559.75870	520.92680	3	79.2231	2
1559.82060	780.91760	2	88.7155	1
1559.83715	780.92585	2	87.1435	2
1560.30600	781.16030	2	79.9252	4
1561.78940	781.90200	2	77.5257	2
1561.83620	781.92535	2	88.8200	2
1563.80810	782.91130	2	74.4848	3
1564.71660	783.36560	2	54.5204	1
1564.71740	522.57970	3	54.3736	2
1564.74265	783.37860	2	57.0296	2
1565.83190	522.95120	3	67.9158	1
1567.82640	784.92050	2	82.8392	2
1567.89745	784.95600	2	98.1553	2
1569.87775	785.94615	2	77.6848	2
1569.91395	785.96425	2	88.4389	2
1570.74730	524.58970	3	53.0246	1
1570.81080	786.41265	2	60.3394	2
1572.78345	787.39900	2	59.7558	2
1572.83065	787.42260	2	80.0938	2
1572.83105	525.28425	3	79.9858	2
1573.82670	787.92060	2	82.2378	2
1574.71190	788.36320	2	72.1943	2
1576.75530	789.38490	2	76.1298	2
1576.76765	789.39110	2	73.4047	2
1577.77000	789.89230	2	73.1804	2
1577.78860	789.90160	2	76.8902	2
1578.26190	527.09455	3	73.7253	4
1578.83690	527.28620	3	71.7040	1
1578.85290	527.29160	3	57.7603	2
1578.87365	527.29845	3	84.5506	2
1578.87550	790.44500	2	84.6138	2
1580.70080	527.90755	3	42.5268	2
1580.80435	527.94205	3	63.3403	2
1580.86215	791.43835	2	95.9948	2
1580.92930	527.98370	3	76.8205	2
1581.76480	791.88970	2	67.2341	2
1584.74150	529.25440	3	67.7726	1
1585.68775	793.85115	2	65.1317	2
1587.35870	794.68660	2	87.2217	4
1587.85940	530.29370	3	65.9318	1
1588.72710	795.37080	2	71.7334	2
1589.82230	795.91840	2	85.1609	2
1589.82250	530.94810	3	85.2754	1
1590.76175	796.38815	2	79.5644	2
1590.78810	531.27000	3	87.3947	1
1590.79825	796.40640	2	82.9010	2
1591.74705	531.58960	3	45.5574	2
1591.74965	796.88210	2	45.5907	2
1591.80305	531.60830	3	59.9216	2
1591.80575	796.91015	2	60.0432	2
1591.86070	796.93765	2	87.8496	2
1592.91470	797.46460	2	73.5226	1
1593.74220	532.25465	3	56.2989	2
1593.74280	797.87870	2	56.3591	2
1593.95015	797.98235	2	83.3150	2
1595.80635	798.91045	2	93.1772	2
1595.86250	532.96140	3	51.5253	2
1596.76730	533.26305	3	53.8887	2
1597.86910	799.94180	2	71.3809	1
1597.88505	799.94980	2	82.4256	2
1598.83865	533.95350	3	83.6912	2
1598.84665	800.43060	2	83.5363	2
1599.80350	534.27510	3	64.3123	3
1599.88915	534.30365	3	64.3873	2
1599.89815	534.30665	3	78.3393	2
1599.89990	800.95725	2	64.4336	2
1600.84250	534.62140	3	65.7152	1
1600.86870	801.44165	2	65.1683	2
1600.92240	534.64810	3	66.4116	3
1602.80225	802.40840	2	77.4878	2
1602.86315	802.43885	2	74.0872	2
1603.81075	802.91265	2	82.3085	2
1604.74555	803.38005	2	65.5590	2
1605.81590	803.91520	2	77.9165	1
1607.85150	804.93300	2	86.4137	2
1607.90435	536.97540	3	81.0432	2
1609.83710	805.92585	2	90.2468	2
1609.83730	537.61970	3	90.2023	1
1610.72275	806.36865	2	66.6708	2
1610.78390	537.93520	3	66.4781	1
1610.91095	806.46275	2	98.9181	2
1610.97510	537.99900	3	72.1128	1
1612.85165	807.43310	2	85.8150	2
1612.85730	538.62640	3	71.4566	2
1612.86880	807.44170	2	90.4347	1
1612.90330	538.64170	3	78.0567	1
1613.85400	807.93430	2	83.7806	2
1613.90430	807.95940	2	82.0066	1
1614.76315	808.38885	2	90.0507	2
1615.75960	539.59380	3	58.6972	1
1616.73245	539.91805	3	49.0614	2
1616.84660	809.43060	2	93.4154	2
1619.81650	540.94610	3	66.7660	2
1620.86280	541.29485	3	87.3415	2
1620.86445	811.43950	2	87.3358	2
1621.82820	811.92135	2	85.7549	2
1621.87360	811.94405	2	71.8550	2
1622.76575	541.92915	3	39.4071	2
1622.80200	541.94125	3	82.8364	2
1625.77435	813.89445	2	78.7826	2
1625.77720	813.89585	2	81.9623	2
1626.85685	543.29285	3	58.3444	2
1626.85970	814.43710	2	58.3977	2
1627.74840	814.88150	2	68.4986	2
1627.78445	543.60210	3	50.9594	2
1628.79095	815.40275	2	95.5212	2
1628.81485	543.94555	3	57.7293	2
1628.81680	815.41565	2	57.7870	2
1629.77970	544.26720	3	57.4464	1
1629.87360	815.94410	2	70.6688	2
1629.88430	815.94945	2	89.9692	2
1630.84600	544.62260	3	83.2760	2
1630.94185	816.47820	2	83.9378	2
1631.83120	544.95100	3	62.3861	1
1631.92485	544.98220	3	72.6260	2
1631.92605	816.97030	2	72.6885	2
1632.77880	545.26690	3	47.6272	2
1633.84355	545.62180	3	80.7069	2
1634.80000	818.40730	2	63.7270	2
1634.82930	545.95040	3	45.9434	1
1634.88845	545.97010	3	54.7363	2
1635.82810	546.28330	3	82.5075	1
1636.94300	819.47880	2	92.8033	2
1638.84120	547.28765	3	76.7853	2
1639.87605	547.63260	3	78.8372	2
1639.87620	820.94535	2	78.8774	2
1639.87925	547.63365	3	96.2146	2
1639.88445	820.94950	2	95.8327	2
1639.94385	547.65525	3	74.5864	2
1640.84760	547.95645	3	48.4862	2
1641.88280	821.94870	2	85.3516	2
1642.68980	822.35215	2	48.2839	2
1642.80700	822.41075	2	60.3450	2
1642.85265	548.62485	3	49.5747	2
1642.85375	822.43415	2	49.6426	2
1642.88245	548.63475	3	80.5403	2
1643.78360	822.89910	2	62.2992	2
1643.79130	548.93770	3	48.4084	2
1643.82545	822.92000	2	46.1097	2
1643.82880	822.92170	2	76.0091	2
1643.84090	548.95420	3	67.8715	2
1644.84520	412.21860	4	43.4741	1
1645.90310	549.64160	3	68.5739	1
1646.83925	549.95365	3	62.6040	2
1648.79255	550.60480	3	45.2327	2
1648.79370	413.20575	4	45.2059	2
1648.84330	550.62170	3	53.4792	2
1648.84445	413.21840	4	53.4545	2
1648.96775	413.24925	4	59.5072	2
1648.96875	550.66355	3	59.4873	2
1649.93725	825.97590	2	77.9173	2
1651.90515	826.95985	2	89.6124	2
1651.92800	551.64995	3	85.9788	2
1651.92890	826.97170	2	85.9116	2
1653.87430	552.29870	3	77.0300	2
1653.92195	552.31455	3	77.7125	2
1654.78760	828.40110	2	71.7892	2
1654.82080	552.61420	3	79.2189	1
1654.89335	828.45395	2	82.1766	2
1655.76380	552.92855	3	50.1853	2
1657.81805	829.91630	2	89.7638	2
1658.79140	553.93775	3	55.5269	2
1658.83815	830.42635	2	79.9580	2
1659.91260	554.31145	3	80.0500	2
1659.91570	830.96510	2	80.1577	2
1660.74345	554.58840	3	66.2085	2
1660.84290	554.62155	3	63.5424	2
1661.90530	831.95995	2	79.0513	2
1662.80050	555.27410	3	52.9784	2
1662.83010	832.42235	2	70.8123	2
1663.79690	555.60620	3	72.8450	2
1664.78725	555.93635	3	40.4219	2
1664.78735	417.20410	4	40.3215	2
1664.84235	833.42845	2	74.2161	2
1664.86570	555.96250	3	65.8183	2
1666.86870	556.63015	3	78.0338	2
1666.86935	834.44195	2	78.1260	2
1666.87675	834.44565	2	81.9051	2
1666.91865	834.46660	2	83.6222	2
1667.81615	556.94600	3	59.1568	2
1667.86400	834.93930	2	78.2721	2
1668.81480	557.27890	3	58.6162	2
1669.85535	835.93495	2	72.5018	2
1670.83800	836.42625	2	97.6297	2
1670.88245	557.96810	3	56.4513	2
1670.88370	836.44910	2	56.5655	1
1671.71620	558.24600	3	51.8793	2
1672.72255	558.58145	3	43.9606	2
1673.90100	837.95780	2	77.6090	2
1674.88495	838.44975	2	92.9511	2
1676.81675	839.41565	2	68.3189	2
1678.00670	560.34280	3	66.7559	1
1681.82145	841.91800	2	76.7582	2
1681.90005	561.64060	3	81.3538	2
1681.90140	841.95795	2	81.2580	2
1681.92680	561.64950	3	94.4470	2
1682.79945	842.40700	2	88.8019	2
1682.89205	842.45330	2	80.2145	2
1682.90600	561.97590	3	85.9868	1
1682.93520	842.47490	2	72.4808	2
1683.88400	842.94925	2	78.1578	2
1684.91390	843.46420	2	81.9054	2
1685.91390	562.97855	3	66.4831	2
1685.91450	843.96455	2	66.5803	2
1686.87295	563.29825	3	64.8532	2
1687.92000	844.96730	2	89.1676	2
1688.73490	563.91890	3	33.3707	2
1688.88120	845.44785	2	84.6935	2
1689.84130	564.28770	3	59.6653	2
1689.86015	564.29400	3	66.8272	2
1690.96170	564.66120	3	65.0088	2
1691.80165	846.90810	2	66.2084	2
1692.81795	847.41625	2	84.9738	2
1692.97085	847.49270	2	91.5540	2
1692.97660	565.33280	3	91.7126	1
1693.93680	565.65285	3	64.5249	2
1693.94100	565.65425	3	83.6195	2
1693.95505	565.65895	3	65.2497	2
1694.80320	565.94170	3	51.2884	2
1695.32980	848.67220	2	70.5973	4
1696.77435	849.39445	2	64.2675	2
1696.84385	849.42920	2	87.3101	2
1696.90830	566.64335	3	86.7693	2
1696.91270	849.46360	2	86.4862	2
1697.90280	566.97490	3	78.9545	2
1697.90610	849.96030	2	78.9331	2
1698.00610	567.00930	3	83.9054	1
1698.01170	850.01315	2	83.9911	2
1698.89785	567.30655	3	85.7227	2
1698.89825	850.45640	2	85.6856	2
1698.89940	567.30710	3	59.7978	2
1699.86860	567.63015	3	76.9796	2
1700.91025	851.46240	2	81.4331	2
1701.86905	568.29695	3	62.0884	2
1703.73750	568.91975	3	62.9132	2
1703.81720	568.94635	3	61.6623	2
1704.72815	427.18935	4	29.2334	2
1704.72875	569.25015	3	29.2104	2
1704.91820	569.31330	3	71.7522	1
1705.83990	853.92720	2	48.3999	2
1705.88235	853.94845	2	70.5735	2
1705.88350	569.63510	3	70.4872	3
1705.92480	569.64890	3	68.4320	1
1706.32850	569.78340	3	47.8873	4
1706.89240	854.45345	2	89.5265	2
1706.90390	854.45920	2	84.5420	2
1707.88820	570.30330	3	86.2673	5
1707.88880	854.95165	2	94.8856	2
1707.89800	570.30660	3	78.3936	5
1707.97780	854.99620	2	79.7913	2
1708.76085	570.59425	3	57.0352	2
1709.98100	571.00090	3	77.2188	1
1710.01935	571.01370	3	81.4487	2
1712.89045	857.45250	2	67.7134	2
1712.93775	571.98650	3	69.8767	2
1714.89840	572.64005	3	63.7170	2
1714.90065	858.45760	2	63.7805	2
1714.90560	858.46005	2	71.7014	2
1717.86325	573.62835	3	72.9625	2
1717.86485	859.93970	2	73.0266	2
1717.89380	859.95420	2	95.0591	1
1721.76280	861.88865	2	39.5231	2
1722.87240	575.29805	3	76.8973	2
1722.89880	575.30685	3	77.2590	2
1723.02395	575.34860	3	70.6902	2
1723.02655	862.52055	2	70.7302	2
1724.94000	575.98730	3	81.7560	2
1725.95325	863.98390	2	87.2410	2
1726.01590	576.34590	3	83.4069	2
1728.79020	577.27065	3	64.7073	2
1728.93490	577.31890	3	60.7337	2
1729.00355	577.34175	3	83.9294	2
1730.75685	577.92620	3	65.9394	2
1730.89430	866.45440	2	74.0033	1
1731.04650	578.02280	3	90.5201	1
1731.88945	866.95200	2	70.1512	2
1731.92490	866.96970	2	87.6543	1
1733.87280	578.96485	3	76.8778	2
1733.87610	867.94535	2	76.9796	2
1735.88000	579.63395	3	79.9522	2
1735.97060	868.99255	2	99.1407	2
1736.84640	579.95610	3	81.5758	2
1736.84700	869.43080	2	81.5366	2
1737.92870	580.31685	3	79.7388	2
1737.99600	870.00530	2	92.3343	2
1738.80335	870.40895	2	69.6558	2
1738.81925	580.61370	3	61.2479	2
1738.82160	580.61445	3	67.0358	2
1739.84420	580.95530	3	71.3541	1
1742.81030	872.41240	2	98.8344	1
1742.87375	581.96520	3	68.6415	2
1743.80305	872.90880	2	68.8336	2
1743.81115	872.91285	2	52.0954	2
1743.86500	582.29560	3	50.4664	2
1743.97635	872.99545	2	97.2404	2
1745.91340	582.97840	3	75.1283	2
1746.79635	874.40545	2	91.2826	2
1748.87495	583.96555	3	64.1468	2
1748.96970	583.99720	3	68.6892	1
1749.86590	875.94025	2	63.1165	2
1749.86620	584.29600	3	63.1583	2
1750.01040	584.34405	3	57.4492	2
1750.01160	876.01305	2	57.5107	2
1751.93900	876.97680	2	92.2432	1
1752.89000	585.30395	3	50.1250	2
1752.99090	877.50275	2	87.6590	2
1753.84900	585.62360	3	53.8525	1
1755.86100	878.93775	2	72.0345	2
1755.90435	878.95945	2	91.9940	2
1756.88960	879.45205	2	80.5320	2
1757.92570	586.98250	3	75.3681	1
1759.84930	587.62370	3	66.9782	2
1759.91065	880.96260	2	89.7108	2
1760.94025	881.47740	2	89.3918	2
1761.89670	588.30615	3	75.1372	2
1762.84235	882.42845	2	77.4171	2
1762.89280	588.63820	3	58.7598	1
1763.83285	882.92370	2	63.0004	2
1764.32425	589.11535	3	64.1339	4
1764.99810	883.50630	2	94.0547	2
1765.00130	589.34105	3	94.0818	2
1766.94935	884.48195	2	85.5414	2
1767.82200	590.28130	3	65.9714	2
1767.85620	590.29270	3	90.5303	2
1767.85905	884.93680	2	90.5736	2
1767.97230	590.33140	3	90.4233	1
1768.90070	885.45760	2	81.1741	2
1769.02050	590.68075	3	81.9109	2
1769.91720	885.96590	2	68.2999	1
1770.00500	591.00895	3	75.2566	2
1772.82875	887.42165	2	78.8154	2
1774.88525	888.44990	2	59.9723	2
1774.88565	592.63580	3	59.9400	2
1776.89835	593.30670	3	68.3508	2
1777.31965	889.66710	2	65.2061	4
1778.99000	594.00390	3	73.2042	1
1778.99000	594.00390	3	73.2257	1
1778.99135	890.50295	2	73.1718	2
1780.40265	594.47480	3	54.7006	4
1784.88170	595.96785	3	63.5361	2
1784.88380	893.44915	2	63.6328	2
1784.91565	595.97915	3	56.5990	2
1785.89180	893.95315	2	89.6419	2
1787.86065	894.93760	2	80.2870	2
1789.93070	895.97260	2	83.4127	2
1792.91150	598.64445	3	63.0629	2
1793.06510	897.53980	2	99.1330	1
1793.87560	897.94510	2	91.0235	1
1793.92000	897.96730	2	85.7766	1
1794.85880	898.43670	2	83.1485	1
1794.98475	898.49965	2	80.7808	2
1796.85610	599.95930	3	75.5959	2
1796.87970	599.96715	3	85.4160	2
1796.97990	600.00060	3	72.2765	3
1799.01980	600.68050	3	85.0884	1
1799.92640	600.98270	3	101.3761	1
1804.86910	602.63030	3	67.2034	1
1804.87070	903.44265	2	67.1254	2
1804.89510	602.63900	3	79.2686	1
1804.97070	602.66415	3	79.7997	2
1804.97140	903.49300	2	80.0936	2
1805.87900	903.94680	2	79.1588	5
1806.03585	603.01925	3	73.3087	2
1806.88290	904.44875	2	70.2459	2
1809.91485	905.96470	2	74.3013	2
1809.99610	906.00535	2	74.5971	2
1809.99720	604.33970	3	74.4904	1
1813.90810	605.64330	3	54.2617	2
1813.94470	907.97960	2	85.0616	1
1814.80250	605.94145	3	81.4232	2
1814.80260	908.40860	2	81.5381	1
1814.96790	605.99655	3	67.5194	2
1815.94160	606.32115	3	73.6227	2
1817.90260	606.97480	3	50.9353	2
1818.83920	607.28700	3	86.5399	2
1820.86305	911.43880	2	60.6691	2
1820.89640	607.97270	3	74.2609	1
1820.91250	607.97810	3	80.3838	2
1821.06350	608.02845	3	85.4704	2
1821.84545	608.28905	3	81.8388	2
1821.89840	608.30670	3	54.2803	2
1823.90590	608.97590	3	69.7472	2
1825.86360	913.93910	2	56.9682	2
1825.89545	913.95500	2	68.5488	2
1826.36385	609.79520	3	56.8999	4
1827.94105	610.32095	3	75.3221	2
1827.96985	610.33055	3	66.8521	2
1827.97075	914.99265	2	66.8175	2
1828.80380	458.20820	4	60.0454	1
1828.91465	915.46460	2	85.5945	2
1828.95265	915.48360	2	74.8114	2
1830.00170	611.00780	3	80.1631	1
1832.00915	611.67700	3	74.0195	2
1832.91675	611.97950	3	77.7376	2
1833.91020	612.31070	3	78.5782	1
1833.93880	917.97670	2	81.6582	1
1833.96625	612.32935	3	89.4526	2
1835.79710	612.93960	3	61.1058	2
1836.04845	613.02340	3	74.8434	2
1836.92320	613.31500	3	86.9502	1
1838.11695	613.71290	3	75.3221	2
1838.95740	613.99305	3	65.3728	2
1840.89295	614.63825	3	79.3995	2
1841.01640	614.67940	3	71.4266	2
1841.01750	921.51605	2	71.3857	2
1841.86100	614.96090	3	50.7874	2
1842.97355	615.33180	3	73.1188	2
1844.89215	615.97135	3	64.4573	2
1844.91320	615.97830	3	68.8536	2
1845.99180	616.33785	3	87.6936	2
1845.99420	924.00440	2	87.8553	2
1846.79340	924.40400	2	73.4254	2
1846.93705	924.47580	2	76.3209	2
1846.97165	924.49310	2	86.4484	2
1852.02240	927.01850	2	84.6408	2
1853.92890	618.98360	3	62.4893	2
1854.92605	928.47030	2	93.5683	2
1856.88115	929.44785	2	84.3378	2
1860.94945	621.32375	3	90.4314	2
1860.95165	931.48310	2	90.4188	2
1861.00085	621.34085	3	77.0962	2
1861.98745	621.66975	3	84.7674	2
1862.82015	621.94730	3	61.6941	2
1862.87060	932.44260	2	88.5779	2
1863.98990	622.33720	3	89.9772	1
1864.88405	622.63525	3	74.4020	2
1866.01540	623.01240	3	83.2774	1
1867.84460	623.62215	3	55.3492	2
1868.83420	935.42440	2	65.0693	2
1872.89450	625.30540	3	55.0127	2
1873.94690	625.65625	3	77.5120	2
1873.94875	937.98165	2	77.5869	2
1873.96825	625.66335	3	73.3681	2
1880.97455	627.99880	3	64.3647	2
1882.97775	942.49615	2	72.5616	2
1883.88305	942.94880	2	77.1930	2
1885.87450	943.94450	2	67.1338	2
1885.91935	943.96695	2	85.5680	2
1885.92580	629.64920	3	85.6436	1
1886.90315	629.97495	3	70.2661	2
1886.90320	944.45890	2	70.3819	2
1888.00340	630.34170	3	82.9691	2
1890.93850	631.32010	3	71.3616	2
1890.94890	631.32355	3	75.6018	2
1892.06720	947.04085	2	84.4552	2
1893.94500	474.49355	4	58.0883	2
1893.95970	947.98715	2	87.0895	2
1893.97820	632.33335	3	59.8895	2
1903.93420	635.65200	3	78.9905	2
1904.96610	953.49030	2	78.6818	1
1904.97095	635.99755	3	76.5050	2
1904.97190	953.49325	2	76.5882	2
1909.98035	478.50235	4	72.5703	2
1909.98190	637.66790	3	72.6206	1
1909.99625	637.67265	3	77.2238	2
1910.17225	637.73135	3	80.7424	2
1911.89100	956.95280	2	74.3623	1
1911.99840	638.34005	3	82.9129	2
1911.99940	957.00700	2	82.9068	2
1912.91210	479.23530	4	34.5596	1
1912.91405	638.64530	3	34.5517	2
1913.09855	638.70680	3	72.2205	2
1914.97990	639.33390	3	70.2028	2
1916.95280	639.99155	3	67.7482	2
1918.85265	640.62480	3	48.3442	2
1920.96630	641.32940	3	62.5342	1
1920.99960	641.34045	3	83.9910	2
1921.93015	961.97235	2	97.3168	2
1922.93505	641.98560	3	80.7751	2
1924.02185	642.34790	3	79.3706	2
1927.00200	643.34130	3	91.3923	1
1930.94360	644.65510	3	84.7288	2
1931.78315	483.95310	4	49.2358	2
1931.78380	644.93520	3	49.2690	2
1932.83840	645.28670	3	59.1297	2
1932.84060	967.42760	2	59.2167	1
1934.07740	645.69970	3	88.2460	1
1934.08620	645.70270	3	88.1832	1
1935.07810	646.03330	3	80.3643	1
1937.93245	969.97350	2	93.3293	2
1937.94605	646.98930	3	80.0218	2
1937.94640	969.98050	2	87.2678	1
1938.95285	970.48370	2	81.2419	2
1939.01770	647.34650	3	76.1217	1
1941.88010	648.30060	3	58.9492	1
1942.04270	648.35485	3	77.7010	2
1942.47620	648.49930	3	86.7367	4
1942.84280	648.62155	3	62.0159	2
1944.89285	973.45370	2	60.0657	2
1944.98325	649.33500	3	67.9548	2
1947.77890	487.95205	4	43.5913	2
1947.92025	974.96740	2	55.5671	2
1947.98370	650.33520	3	81.5167	2
1947.98645	975.00050	2	81.4851	2
1950.97855	651.33345	3	72.9908	2
1951.99005	977.00230	2	88.9563	2
1954.89650	978.45555	2	82.2753	2
1955.93875	652.98685	3	60.4230	2
1956.05890	653.02690	3	82.7485	2
1956.89830	653.30670	3	67.2434	1
1956.99230	979.50345	2	76.7452	2
1961.04320	981.52885	2	89.1180	2
1961.04960	654.69050	3	89.2206	1
1963.04765	655.35650	3	76.3755	2
1963.05110	982.53280	2	76.4405	1
1966.93810	656.65330	3	75.8739	2
1968.90530	985.45990	2	87.4265	1
1970.98300	658.00160	3	61.9389	2
1971.02750	986.52105	2	83.7435	2
1973.06140	494.27260	4	60.9771	1
1973.06835	658.69670	3	60.8895	2
1976.02170	989.01810	2	95.9281	1
1978.89610	990.45530	2	37.9462	1
1978.89820	660.64000	3	37.8551	2
1979.03555	660.68580	3	88.3780	2
1983.02750	662.01640	3	87.4806	1
1984.02940	993.02195	2	80.3112	2
1988.04920	663.69035	3	72.0947	2
1989.02585	664.01585	3	75.1621	2
1992.05990	665.02720	3	80.6864	2
1994.00525	665.67570	3	94.6929	2
1994.00610	998.01035	2	94.6061	2
2001.00115	668.00765	3	84.8761	2
2002.98555	668.66915	3	68.3214	2
2003.03515	1002.52485	2	90.0845	2
2003.03595	668.68595	3	89.9878	2
2004.08975	669.03720	3	79.8658	2
2009.03865	670.68680	3	59.5439	2
2009.08510	670.70230	3	77.9257	2
2009.99000	1006.00230	2	93.2461	1
2011.00700	1006.51080	2	77.8246	1
2019.07265	674.03145	3	95.0698	2
2024.89500	1013.45480	2	56.9927	1
2026.12475	1014.06965	2	86.6762	2
2026.12720	676.38300	3	86.6311	1
2027.05535	676.69240	3	88.5073	2
2031.02670	678.01615	3	88.3570	2
2032.91600	1017.46525	2	84.1198	2
2032.91605	678.64595	3	84.2598	2
2033.06195	678.69455	3	73.5551	2
2035.86180	679.62790	3	58.7330	1
2037.04210	680.02130	3	66.2285	1
2041.07605	681.36595	3	80.8488	2
2041.97730	681.66640	3	73.4571	1
2043.01040	682.01075	3	83.1266	2
2043.01160	1022.51305	2	83.2501	2
2047.98120	683.66765	3	48.8729	2
2048.05140	1025.03295	2	96.0651	2
2048.95825	683.99335	3	77.1876	2
2049.04100	684.02090	3	87.9257	1
2054.89870	685.97350	3	69.9299	1
2059.00560	687.34250	3	78.0154	2
2060.06030	687.69400	3	87.6056	1
2064.96015	1033.48735	2	85.2283	2
2067.99120	690.33765	3	69.7213	2
2070.95875	1036.48665	2	73.1502	2
2071.03520	691.35230	3	67.7406	1
2073.01510	1037.51480	2	81.8010	1
2073.08700	692.03630	3	76.8180	2
2075.08155	692.70110	3	72.7259	2
2076.04955	693.02375	3	68.2555	2
2078.06730	693.69640	3	79.3507	2
2079.02940	694.01705	3	74.9328	2
2080.10385	521.03325	4	71.3059	2
2080.10550	694.37580	3	71.6509	1
2086.04540	1044.03000	2	89.3528	1
2089.05385	697.35855	3	75.9342	2
2092.08690	698.36955	3	74.8055	2
2093.98120	1047.99785	2	86.8567	2
2094.94515	699.32235	3	51.9390	2
2104.07130	702.36435	3	73.6227	2
2105.14235	702.72135	3	91.4686	2
2114.12270	705.71485	3	95.9545	2
2126.14355	1064.07905	2	78.3716	2
2131.17640	711.39940	3	84.4905	2
2137.12160	713.38110	3	70.9551	1
2143.09085	715.37090	3	82.4254	2
2147.17480	1074.59470	2	93.8533	1
2156.01450	719.67875	3	66.5423	2
2169.12350	724.04845	3	77.1031	2
2170.03025	724.35070	3	76.9430	2
2173.17625	725.39935	3	82.2071	2
2173.17640	1087.59545	2	82.1268	2
2177.95055	545.49495	4	45.0829	2
2180.98135	728.00105	3	67.6537	2
2190.06670	731.02950	3	75.3859	2
2190.06835	1096.04145	2	75.3744	2
2198.06200	733.69460	3	68.0282	1
2205.01410	736.01195	3	72.3836	2
2205.10370	1103.55915	2	100.0293	2
2227.05360	1114.53410	2	56.0151	2
2250.02145	751.01440	3	47.3078	2
2269.26100	757.42760	3	84.1370	2
2279.05820	760.69335	3	69.5584	2
2282.08315	761.70165	3	64.9439	2
2291.01990	1146.51725	2	68.1016	2
2291.02195	764.68125	3	68.1072	2
2295.09335	766.03840	3	80.6890	2
2297.12365	766.71515	3	70.8457	2
2316.20140	773.07440	3	81.8371	1
2323.29520	775.43900	3	90.2965	1
2336.18255	779.73475	3	87.5331	2
2379.16430	595.79835	4	63.8076	2
2386.27035	478.26135	5	71.4469	2
2386.27075	597.57500	4	71.5730	2
2389.99265	797.67150	3	62.7810	2
2391.18850	1196.60150	2	96.2334	2
2401.29975	801.44050	3	83.0098	2
2416.24195	806.42125	3	85.5326	2
2427.23930	607.81710	4	61.6571	1
2435.25670	812.75950	3	66.3926	2
2440.34950	814.45710	3	92.3152	2
2460.19350	821.07175	3	86.5189	2
2525.29980	842.77390	3	87.0895	2
2532.23525	845.08570	3	75.0305	2
2549.47060	850.83080	3	84.5811	2
2549.47100	638.37500	4	84.5234	3
2620.21900	656.06205	4	66.0625	2
2682.32450	895.11540	3	55.5189	1
2804.28110	935.76765	3	78.2417	2
3208.56080	803.14745	4	71.3002	2
3536.65720	1179.89300	3	85.4073	2
