scan_index	one_based_scan	rt	mz	intensity	charge
1200	2064	7.60156	376.840790	2.0830e4	1
1200	2064	7.60156	376.903046	8.4736e4	0
1200	2064	7.60156	377.175842	1.2273e4	3
1200	2064	7.60156	377.842957	1.3046e4	1
1200	2064	7.60156	377.902313	2.9070e4	0
1200	2064	7.60156	380.839233	2.7256e4	1
1200	2064	7.60156	381.025543	2.4474e4	6
1200	2064	7.60156	381.062256	3.6707e4	0
1200	2064	7.60156	381.185089	9.2307e4	3
1200	2064	7.60156	381.192169	3.7290e4	6
1200	2064	7.60156	381.512726	3.2778e4	0
1200	2064	7.60156	381.519409	1.1432e5	3
1200	2064	7.60156	381.843048	1.0270e5	1
1200	2064	7.60156	381.853851	3.3575e4	3
1200	2064	7.60156	381.878632	2.2450e4	0
1200	2064	7.60156	382.177185	2.7133e4	3
1200	2064	7.60156	384.007446	2.6474e4	6
1200	2064	7.60156	384.177002	1.7838e4	6
1200	2064	7.60156	385.041840	3.9685e4	5
1200	2064	7.60156	385.165894	7.9975e4	1
1200	2064	7.60156	385.239044	2.0484e4	5
1200	2064	7.60156	385.259460	3.2072e4	0
1200	2064	7.60156	385.962830	1.4072e4	0
1200	2064	7.60156	386.023529	1.5606e5	0
1200	2064	7.60156	386.168945	2.2144e4	1
1200	2064	7.60156	386.207062	4.6611e4	1
1200	2064	7.60156	386.850616	3.4196e4	3
1200	2064	7.60156	387.075226	1.8842e4	5
1200	2064	7.60156	387.144531	1.2836e4	0
1200	2064	7.60156	387.185638	2.2491e4	3
1200	2064	7.60156	387.210266	1.5626e4	1
1200	2064	7.60156	387.275513	4.7261e4	5
1200	2064	7.60156	388.019287	2.7645e4	0
1200	2064	7.60156	389.090759	3.1339e4	3
1200	2064	7.60156	389.404663	1.5560e4	0
1200	2064	7.60156	389.423950	1.4403e4	3
1200	2064	7.60156	389.845154	2.5064e4	3
1200	2064	7.60156	390.179626	1.6901e4	3
1200	2064	7.60156	390.902802	2.7770e4	3
1200	2064	7.60156	391.237885	5.5608e4	1
1200	2064	7.60156	391.288116	6.6586e4	1
1200	2064	7.60156	391.848297	2.2651e4	0
1200	2064	7.60156	392.241486	2.1989e4	1
1200	2064	7.60156	392.291443	2.4613e4	1
1200	2064	7.60156	392.506561	1.2999e4	0
1200	2064	7.60156	392.517456	1.9223e4	0
1200	2064	7.60156	392.878174	1.5354e4	0
1200	2064	7.60156	393.062225	3.7812e4	0
1200	2064	7.60156	393.301636	7.2480e4	0
1200	2064	7.60156	393.848480	1.1975e4	5
1200	2064	7.60156	394.052246	1.9591e4	5
1200	2064	7.60156	394.715027	1.0680e5	2
1200	2064	7.60156	394.721313	3.1745e4	0
1200	2064	7.60156	394.881653	4.6970e4	1
1200	2064	7.60156	394.893097	1.3351e4	0
1200	2064	7.60156	395.078033	4.8324e5	1
1200	2064	7.60156	395.216766	2.9645e4	2
1200	2064	7.60156	395.415894	1.4496e4	3
1200	2064	7.60156	395.520294	3.8914e5	3
1200	2064	7.60156	395.848145	3.3518e4	1
1200	2064	7.60156	395.854797	2.5296e5	3
1200	2064	7.60156	395.881500	1.3163e4	1
1200	2064	7.60156	396.081635	7.6030e4	1
1200	2064	7.60156	396.189209	8.8682e4	3
1200	2064	7.60156	396.851471	1.7673e4	1
1200	2064	7.60156	397.073578	5.2324e4	0
1200	2064	7.60156	397.180511	1.6174e4	0
1200	2064	7.60156	397.186646	2.1473e4	3
1200	2064	7.60156	397.443878	1.5387e4	0
1200	2064	7.60156	399.254547	2.1140e4	0
1200	2064	7.60156	399.351074	1.7002e4	0
1200	2064	7.60156	400.180603	1.8303e4	1
1200	2064	7.60156	400.852112	2.0364e4	3
1200	2064	7.60156	401.186707	2.9514e4	1
1200	2064	7.60156	402.018707	3.4393e4	0
1200	2064	7.60156	402.190857	1.5527e4	1
1200	2064	7.60156	402.250275	1.4398e4	0
1200	2064	7.60156	403.045013	2.4727e4	0
1200	2064	7.60156	403.052551	5.4210e5	1
1200	2064	7.60156	403.222687	2.0306e4	6
1200	2064	7.60156	403.236603	1.5340e4	0
1200	2064	7.60156	403.675812	1.9408e4	0
1200	2064	7.60156	404.036682	2.0445e5	1
1200	2064	7.60156	404.056030	6.9769e4	1
1200	2064	7.60156	404.062714	1.4096e4	1
1200	2064	7.60156	404.171906	6.1717e4	0
1200	2064	7.60156	404.208282	1.9715e4	0
1200	2064	7.60156	404.851990	1.2587e4	0
1200	2064	7.60156	405.040527	2.7991e4	1
1200	2064	7.60156	405.048492	7.0907e4	0
1200	2064	7.60156	405.067902	2.0189e4	1
1200	2064	7.60156	405.085815	1.6345e4	0
1200	2064	7.60156	405.846802	1.6720e4	3
1200	2064	7.60156	406.032227	4.7754e4	0
1200	2064	7.60156	406.183228	1.6899e4	3
1200	2064	7.60156	406.518280	3.3121e4	3
1200	2064	7.60156	407.199921	1.6100e4	0
1200	2064	7.60156	407.710510	2.0865e4	0
1200	2064	7.60156	409.223358	1.3648e4	0
1200	2064	7.60156	411.073334	6.0864e4	1
1200	2064	7.60156	411.177246	1.7195e4	3
1200	2064	7.60156	411.396851	1.2667e4	0
1200	2064	7.60156	411.514771	2.2670e4	3
1200	2064	7.60156	411.711365	1.5964e4	5
1200	2064	7.60156	411.850189	3.1195e4	3
1200	2064	7.60156	412.076935	2.3421e4	1
1200	2064	7.60156	412.893555	1.5920e4	0
1200	2064	7.60156	413.183014	1.3570e4	0
1200	2064	7.60156	413.270599	4.7079e4	0
1200	2064	7.60156	413.839142	1.5554e4	1
1200	2064	7.60156	414.034821	1.3451e4	1
1200	2064	7.60156	414.356750	1.5608e4	0
1200	2064	7.60156	414.844116	2.0340e4	1
1200	2064	7.60156	414.875885	1.4822e4	6
1200	2064	7.60156	415.040985	2.3681e4	1
1200	2064	7.60156	415.197968	1.3436e5	1
1200	2064	7.60156	415.940216	1.5989e4	0
1200	2064	7.60156	416.034363	5.1643e4	6
1200	2064	7.60156	416.201477	1.3818e4	1
1200	2064	7.60156	416.225952	9.2951e4	2
1200	2064	7.60156	416.728088	2.0935e4	2
1200	2064	7.60156	417.122162	1.9833e4	0
1200	2064	7.60156	417.218475	1.5504e4	0
1200	2064	7.60156	418.865112	1.5280e4	0
1200	2064	7.60156	419.047821	7.4535e4	0
1200	2064	7.60156	419.319763	3.2524e4	0
1200	2064	7.60156	420.031952	1.8887e4	0
1200	2064	7.60156	421.046661	7.4609e4	1
1200	2064	7.60156	421.049866	5.0590e4	0
1200	2064	7.60156	421.063354	8.6749e6	1
1200	2064	7.60156	421.080078	4.3623e4	0
1200	2064	7.60156	421.198547	4.0345e4	0
1200	2064	7.60156	422.047424	1.2125e5	1
1200	2064	7.60156	422.066467	1.0163e6	1
1200	2064	7.60156	422.532379	1.6729e4	0
1200	2064	7.60156	423.052429	2.5676e4	1
1200	2064	7.60156	423.059082	1.5936e6	1
1200	2064	7.60156	423.067169	1.4197e5	1
1200	2064	7.60156	423.228271	8.9994e4	1
1200	2064	7.60156	424.043823	2.6699e4	1
1200	2064	7.60156	424.062439	2.1510e5	1
1200	2064	7.60156	424.070862	2.7684e4	1
1200	2064	7.60156	424.223511	4.8853e4	1
1200	2064	7.60156	424.231354	2.1081e4	1
1200	2064	7.60156	424.541626	2.6392e5	3
1200	2064	7.60156	424.876160	2.4498e5	3
1200	2064	7.60156	425.034454	3.8254e4	0
1200	2064	7.60156	425.047729	1.5859e4	1
1200	2064	7.60156	425.054871	8.8534e4	0
1200	2064	7.60156	425.210632	4.6512e4	3
1200	2064	7.60156	425.226715	2.1912e4	1
1200	2064	7.60156	425.291992	4.5163e4	0
1200	2064	7.60156	426.018280	1.8109e4	0
1200	2064	7.60156	427.050110	3.5985e4	0
1200	2064	7.60156	427.069153	2.5582e4	0
1200	2064	7.60156	429.093170	3.5548e5	1
1200	2064	7.60156	430.093170	1.0854e5	1
1200	2064	7.60156	431.090210	6.7794e4	0
1200	2064	7.60156	431.869812	1.8246e4	0
1200	2064	7.60156	432.029327	2.7176e4	0
1200	2064	7.60156	434.184753	2.8728e4	2
1200	2064	7.60156	434.686707	1.7336e4	2
1200	2064	7.60156	434.875061	3.0102e4	6
1200	2064	7.60156	435.042175	2.0790e4	6
1200	2064	7.60156	435.132843	5.7201e4	0
1200	2064	7.60156	435.205078	2.4836e4	6
1200	2064	7.60156	435.539307	1.5684e4	3
1200	2064	7.60156	435.920227	1.8168e4	0
1200	2064	7.60156	436.046936	1.6259e4	1
1200	2064	7.60156	437.058441	5.2976e5	1
1200	2064	7.60156	437.129150	2.3977e4	0
1200	2064	7.60156	438.061768	6.7161e4	1
1200	2064	7.60156	438.695557	4.9163e5	2
1200	2064	7.60156	438.846527	2.2567e4	0
1200	2064	7.60156	439.054260	6.9452e4	0
1200	2064	7.60156	439.187561	7.4296e4	2
1200	2064	7.60156	439.196960	2.0797e5	2
1200	2064	7.60156	439.689087	4.7278e4	2
1200	2064	7.60156	439.697998	4.0062e4	2
1200	2064	7.60156	440.189941	3.4125e4	2
1200	2064	7.60156	440.692688	2.8287e4	2
1200	2064	7.60156	441.009460	1.7305e4	0
1200	2064	7.60156	441.029907	2.4655e4	3
1200	2064	7.60156	441.188019	1.8842e4	0
1200	2064	7.60156	441.300995	1.4522e4	0
1200	2064	7.60156	442.205261	3.2760e4	2
1200	2064	7.60156	442.410706	1.5027e4	1
1200	2064	7.60156	442.706909	1.4009e4	2
1200	2064	7.60156	442.716736	5.5283e4	2
1200	2064	7.60156	442.903992	1.3369e4	5
1200	2064	7.60156	443.027618	1.7113e5	1
1200	2064	7.60156	443.031311	1.5036e5	0
1200	2064	7.60156	443.045563	2.3263e7	1
1200	2064	7.60156	443.063782	1.1772e5	0
1200	2064	7.60156	443.068848	5.9489e4	6
1200	2064	7.60156	443.144684	1.6636e4	0
1200	2064	7.60156	443.190277	2.5252e4	0
1200	2064	7.60156	443.217926	3.8029e4	2
1200	2064	7.60156	443.411133	1.8866e4	1
1200	2064	7.60156	443.430603	1.6256e4	0
1200	2064	7.60156	444.029694	5.3411e5	1
1200	2064	7.60156	444.048248	2.8998e6	1
1200	2064	7.60156	445.022491	1.0797e5	1
1200	2064	7.60156	445.034180	8.9851e4	1
1200	2064	7.60156	445.041351	4.0365e6	1
1200	2064	7.60156	445.049683	2.9176e5	1
1200	2064	7.60156	445.124451	7.3739e5	1
1200	2064	7.60156	445.255768	1.4609e4	0
1200	2064	7.60156	445.267151	1.3424e4	0
1200	2064	7.60156	445.916870	2.1462e4	0
1200	2064	7.60156	446.025482	9.8937e4	1
1200	2064	7.60156	446.044464	4.6461e5	1
1200	2064	7.60156	446.053131	3.4653e4	1
1200	2064	7.60156	446.124695	1.8853e5	1
1200	2064	7.60156	446.693420	2.2985e4	3
1200	2064	7.60156	447.028473	1.7844e4	1
1200	2064	7.60156	447.037201	2.4276e5	1
1200	2064	7.60156	447.045929	3.5817e4	1
1200	2064	7.60156	447.104492	1.2893e4	4
1200	2064	7.60156	447.121674	1.0384e5	1
1200	2064	7.60156	447.185211	1.6945e4	6
1200	2064	7.60156	447.351501	2.7006e4	4
1200	2064	7.60156	447.847717	1.9630e4	0
1200	2064	7.60156	448.040649	3.5230e4	1
1200	2064	7.60156	448.120911	2.6241e4	1
1200	2064	7.60156	448.260101	4.5736e5	1
1200	2064	7.60156	449.094788	1.8600e4	6
1200	2064	7.60156	449.263580	9.3118e4	1
1200	2064	7.60156	450.201782	1.9807e4	0
1200	2064	7.60156	450.266510	2.0652e4	1
1200	2064	7.60156	450.383911	1.4197e4	3
1200	2064	7.60156	450.716614	5.1774e4	2
1200	2064	7.60156	450.840057	3.3461e4	0
1200	2064	7.60156	451.030884	1.8931e4	0
1200	2064	7.60156	451.218903	3.8694e4	2
1200	2064	7.60156	451.378540	1.6780e4	0
1200	2064	7.60156	451.818268	1.5625e4	0
1200	2064	7.60156	452.885681	9.6383e4	6
1200	2064	7.60156	453.053528	1.2047e5	6
1200	2064	7.60156	453.261261	1.4966e4	0
1200	2064	7.60156	454.473236	1.8189e4	0
1200	2064	7.60156	454.691406	2.2560e4	0
1200	2064	7.60156	455.049377	1.9988e4	0
1200	2064	7.60156	456.297791	2.9297e4	1
1200	2064	7.60156	456.842499	1.7767e4	0
1200	2064	7.60156	456.857483	3.0015e4	5
1200	2064	7.60156	457.061798	2.5425e4	5
1200	2064	7.60156	457.300659	1.8939e4	1
1200	2064	7.60156	458.056396	1.6003e4	0
1200	2064	7.60156	459.010803	1.4655e5	0
1200	2064	7.60156	459.019958	5.2073e5	1
1200	2064	7.60156	459.040649	2.0907e6	1
1200	2064	7.60156	459.164764	1.4996e4	0
1200	2064	7.60156	459.270416	1.8816e4	4
1200	2064	7.60156	460.023743	9.3246e4	1
1200	2064	7.60156	460.043884	2.4358e5	1
1200	2064	7.60156	460.244476	2.2287e4	5
1200	2064	7.60156	460.873779	1.5595e4	6
1200	2064	7.60156	461.006775	2.8675e4	0
1200	2064	7.60156	461.016083	1.2978e5	0
1200	2064	7.60156	461.036499	3.1282e5	1
1200	2064	7.60156	461.045166	2.8314e4	1
1200	2064	7.60156	462.039642	3.2313e4	1
1200	2064	7.60156	462.090607	3.5997e4	0
1200	2064	7.60156	462.151459	8.1460e4	1
1200	2064	7.60156	462.688873	1.8227e4	2
1200	2064	7.60156	462.883942	2.5821e4	0
1200	2064	7.60156	463.150604	1.7976e4	1
1200	2064	7.60156	463.189087	2.1160e4	2
1200	2064	7.60156	464.059540	1.8037e4	0
1200	2064	7.60156	464.069702	8.0306e4	1
1200	2064	7.60156	465.027832	6.8150e4	0
1200	2064	7.60156	465.072876	2.7276e4	1
1200	2064	7.60156	467.229675	3.0701e4	0
1200	2064	7.60156	468.296417	2.4490e4	0
1200	2064	7.60156	469.893188	1.8802e4	0
1200	2064	7.60156	469.980743	3.4781e4	0
1200	2064	7.60156	470.241699	3.9349e4	0
1200	2064	7.60156	470.830139	1.9050e4	4
1200	2064	7.60156	471.077209	8.9485e4	4
1200	2064	7.60156	473.975403	7.8597e4	0
1200	2064	7.60156	475.014954	4.2760e4	4
1200	2064	7.60156	475.025665	1.0592e4	0
1200	2064	7.60156	475.035767	6.2416e5	1
1200	2064	7.60156	475.110687	7.6134e4	0
1200	2064	7.60156	475.263916	3.1915e4	2
1200	2064	7.60156	475.401581	1.6001e4	0
1200	2064	7.60156	475.765564	2.4789e4	2
1200	2064	7.60156	476.000092	1.8736e4	0
1200	2064	7.60156	476.038635	7.9896e4	1
1200	2064	7.60156	476.276611	3.8787e4	0
1200	2064	7.60156	476.881561	1.9316e4	0
1200	2064	7.60156	476.984070	1.8560e4	0
1200	2064	7.60156	477.031769	1.0915e5	0
1200	2064	7.60156	477.107117	1.8664e4	0
1200	2064	7.60156	477.828491	4.2713e4	0
1200	2064	7.60156	478.978943	2.1415e4	0
1200	2064	7.60156	479.220184	2.7584e4	0
1200	2064	7.60156	480.993042	7.4984e4	0
1200	2064	7.60156	483.783295	2.0988e4	0
1200	2064	7.60156	484.072418	6.0226e4	1
1200	2064	7.60156	485.076843	1.8174e4	1
1200	2064	7.60156	486.051819	3.9725e5	1
1200	2064	7.60156	486.224548	4.5209e4	0
1200	2064	7.60156	487.010223	4.7812e4	0
1200	2064	7.60156	487.055328	2.2255e4	1
1200	2064	7.60156	487.072144	2.4415e4	0
1200	2064	7.60156	488.047485	8.2812e4	0
1200	2064	7.60156	491.030945	4.8173e4	0
1200	2064	7.60156	492.223541	3.1317e4	0
1200	2064	7.60156	493.789795	1.8724e4	0
1200	2064	7.60156	494.785950	2.0177e4	0
1200	2064	7.60156	495.837952	3.3864e4	1
1200	2064	7.60156	495.957733	4.3887e4	1
1200	2064	7.60156	496.839264	2.3830e4	1
1200	2064	7.60156	496.958496	2.2649e4	1
1200	2064	7.60156	498.260895	2.3209e4	0
1200	2064	7.60156	498.965210	1.7651e4	0
1200	2064	7.60156	499.832062	2.0820e4	0
1200	2064	7.60156	501.253113	2.6385e4	0
1200	2064	7.60156	501.410126	2.2062e4	0
1200	2064	7.60156	502.046661	2.1744e4	0
1200	2064	7.60156	502.975464	5.9222e4	0
1200	2064	7.60156	503.066437	2.3784e4	0
1200	2064	7.60156	503.112762	1.5134e5	1
1200	2064	7.60156	503.382050	1.8569e4	0
1200	2064	7.60156	503.838776	1.5480e4	0
1200	2064	7.60156	504.112671	7.4194e4	1
1200	2064	7.60156	505.109741	2.6058e4	0
1200	2064	7.60156	505.869843	1.6906e4	0
1200	2064	7.60156	505.966888	2.0462e4	0
1200	2064	7.60156	506.233398	2.8405e4	1
1200	2064	7.60156	507.100891	4.0777e4	0
1200	2064	7.60156	507.238403	6.1698e5	2
1200	2064	7.60156	507.740051	3.6257e5	2
1200	2064	7.60156	507.793793	2.0349e4	0
1200	2064	7.60156	508.025421	1.9460e4	0
1200	2064	7.60156	508.241577	1.0729e5	2
1200	2064	7.60156	508.743042	2.1279e4	2
1200	2064	7.60156	509.298615	1.9162e4	0
1200	2064	7.60156	510.412109	1.7305e4	0
1200	2064	7.60156	512.829956	2.2822e4	0
1200	2064	7.60156	513.305542	1.9407e4	0
1200	2064	7.60156	513.429443	1.6743e4	0
1200	2064	7.60156	514.228271	3.3290e4	1
1200	2064	7.60156	514.746582	5.6697e4	0
1200	2064	7.60156	515.236023	6.2167e4	1
1200	2064	7.60156	515.266479	2.8058e4	0
1200	2064	7.60156	515.737000	1.9689e4	2
1200	2064	7.60156	517.939575	1.8266e4	1
1200	2064	7.60156	518.218445	1.6042e4	0
1200	2064	7.60156	518.229614	9.4527e4	0
1200	2064	7.60156	518.940796	2.2676e4	1
1200	2064	7.60156	519.144226	1.8915e5	1
1200	2064	7.60156	520.144836	9.5047e4	1
1200	2064	7.60156	520.329712	1.5841e4	0
1200	2064	7.60156	520.805725	2.1901e4	3
1200	2064	7.60156	520.947083	2.2050e4	0
1200	2064	7.60156	521.141052	4.1077e4	3
1200	2064	7.60156	523.232605	6.7092e4	2
1200	2064	7.60156	523.734009	2.4589e4	2
1200	2064	7.60156	524.333252	1.9491e4	0
1200	2064	7.60156	525.111877	2.2357e5	1
1200	2064	7.60156	526.115112	2.5400e4	1
1200	2064	7.60156	526.211426	2.3031e4	0
1200	2064	7.60156	526.872437	1.9507e4	0
1200	2064	7.60156	526.961487	1.9350e4	0
1200	2064	7.60156	527.107605	3.1331e4	0
1200	2064	7.60156	529.220764	5.4765e4	0
1200	2064	7.60156	530.392273	1.7900e4	0
1200	2064	7.60156	530.874207	1.5423e4	0
1200	2064	7.60156	531.231262	3.9950e4	0
1200	2064	7.60156	531.282959	2.1614e5	1
1200	2064	7.60156	532.286377	3.0340e4	1
1200	2064	7.60156	533.884216	2.2024e4	0
1200	2064	7.60156	536.171143	1.3779e5	1
1200	2064	7.60156	536.769043	1.8513e4	0
1200	2064	7.60156	536.883301	1.9655e4	3
1200	2064	7.60156	537.170593	6.9513e4	1
1200	2064	7.60156	537.203064	3.6377e4	2
1200	2064	7.60156	537.217529	1.6374e4	3
1200	2064	7.60156	537.702820	2.4680e4	2
1200	2064	7.60156	538.089172	3.1326e4	0
1200	2064	7.60156	538.168457	4.9538e4	0
1200	2064	7.60156	538.808594	1.6597e4	0
1200	2064	7.60156	539.252502	2.2496e4	0
1200	2064	7.60156	539.325623	1.8762e4	0
1200	2064	7.60156	539.875549	2.0573e4	0
1200	2064	7.60156	540.283630	3.2486e4	0
1200	2064	7.60156	540.713501	2.0200e4	0
1200	2064	7.60156	540.907654	1.6844e4	0
1200	2064	7.60156	542.138916	2.0775e4	0
1200	2064	7.60156	542.808838	2.3195e4	0
1200	2064	7.60156	543.862854	1.9731e4	0
1200	2064	7.60156	544.890442	2.2850e4	0
1200	2064	7.60156	545.262085	3.5436e4	0
1200	2064	7.60156	545.273193	3.5487e4	0
1200	2064	7.60156	546.904297	2.3056e4	0
1200	2064	7.60156	547.020142	5.9938e4	0
1200	2064	7.60156	547.093994	3.2030e5	1
1200	2064	7.60156	547.364380	2.2804e4	1
1200	2064	7.60156	548.096436	4.8776e4	1
1200	2064	7.60156	548.365540	1.7618e4	1
1200	2064	7.60156	549.089844	5.8027e4	0
1200	2064	7.60156	550.344482	2.0299e4	0
1200	2064	7.60156	551.808899	1.5423e4	0
1200	2064	7.60156	552.802795	2.2352e4	0
1200	2064	7.60156	552.921387	1.6310e4	0
1200	2064	7.60156	553.316589	2.1376e4	0
1200	2064	7.60156	553.362854	1.7555e4	0
1200	2064	7.60156	554.356873	1.8700e4	0
1200	2064	7.60156	555.450317	1.8262e4	0
1200	2064	7.60156	556.231995	2.0513e4	0
1200	2064	7.60156	556.356079	1.9311e4	1
1200	2064	7.60156	556.979309	5.7825e4	0
1200	2064	7.60156	557.084534	1.8141e4	0
1200	2064	7.60156	557.354492	2.4804e4	1
1200	2064	7.60156	557.888245	2.1954e4	0
1200	2064	7.60156	559.325989	2.8087e4	0
1200	2064	7.60156	559.798584	1.8883e4	0
1200	2064	7.60156	560.071716	2.2659e5	1
1200	2064	7.60156	560.772339	1.7148e4	0
1200	2064	7.60156	561.074280	3.5260e4	1
1200	2064	7.60156	562.067078	4.8068e4	1
1200	2064	7.60156	562.324951	2.0970e4	0
1200	2064	7.60156	562.404358	1.8857e4	3
1200	2064	7.60156	563.071289	5.8174e4	1
1200	2064	7.60156	563.089111	1.9460e4	0
1200	2064	7.60156	563.442810	1.8677e4	0
1200	2064	7.60156	563.871216	1.8017e4	0
1200	2064	7.60156	564.790833	2.0669e4	6
1200	2064	7.60156	564.823853	1.8623e4	0
1200	2064	7.60156	564.955078	2.1349e4	6
1200	2064	7.60156	565.426392	1.8562e4	0
1200	2064	7.60156	568.814270	2.4836e4	0
1200	2064	7.60156	568.840149	1.9246e4	0
1200	2064	7.60156	569.864441	2.8939e4	0
1200	2064	7.60156	572.260315	2.0730e4	0
1200	2064	7.60156	572.784668	1.7240e4	0
1200	2064	7.60156	573.874390	1.9659e4	0
1200	2064	7.60156	573.917847	1.8692e4	0
1200	2064	7.60156	576.066162	2.2317e4	0
1200	2064	7.60156	577.242310	2.4371e4	0
1200	2064	7.60156	577.998718	2.6876e4	0
1200	2064	7.60156	578.297485	3.5429e4	0
1200	2064	7.60156	578.960449	2.9122e4	0
1200	2064	7.60156	578.982483	2.2860e4	0
1200	2064	7.60156	579.880310	1.9545e4	0
1200	2064	7.60156	583.289551	9.2786e4	1
1200	2064	7.60156	584.292908	5.3594e4	1
1200	2064	7.60156	585.304688	1.8608e4	0
1200	2064	7.60156	585.380066	1.8652e4	0
1200	2064	7.60156	587.840027	2.2326e4	0
1200	2064	7.60156	588.399231	3.0025e4	0
1200	2064	7.60156	590.885803	2.6147e4	0
1200	2064	7.60156	592.778320	2.7409e4	0
1200	2064	7.60156	593.163879	4.0279e4	0
1200	2064	7.60156	594.248291	2.2899e4	0
1200	2064	7.60156	594.968750	2.0507e4	0
1200	2064	7.60156	595.319641	2.6184e4	0
1200	2064	7.60156	599.303284	2.2154e4	0
1200	2064	7.60156	599.831055	3.5137e4	0
1200	2064	7.60156	600.943359	2.4865e4	0
1200	2064	7.60156	602.374756	2.0260e4	0
1200	2064	7.60156	603.278015	2.0915e4	0
1200	2064	7.60156	603.886047	2.5320e4	0
1200	2064	7.60156	604.098267	7.6733e4	0
1200	2064	7.60156	604.929260	4.5309e4	0
1200	2064	7.60156	605.273315	2.7688e4	0
1200	2064	7.60156	606.760315	5.6335e4	0
1200	2064	7.60156	606.889771	2.5131e4	0
1200	2064	7.60156	607.841858	3.5604e4	0
1200	2064	7.60156	607.934814	2.6595e4	3
1200	2064	7.60156	608.264038	1.1028e5	1
1200	2064	7.60156	608.357849	2.1890e4	0
1200	2064	7.60156	608.804016	2.4148e4	0
1200	2064	7.60156	609.267273	4.3993e4	1
1200	2064	7.60156	609.848755	1.9363e4	0
1200	2064	7.60156	610.190002	3.4770e4	1
1200	2064	7.60156	610.433533	2.7489e4	0
1200	2064	7.60156	610.924622	2.2922e4	0
1200	2064	7.60156	610.969849	2.1104e4	0
1200	2064	7.60156	611.190002	2.3378e4	1
1200	2064	7.60156	611.501892	2.0265e4	0
1200	2064	7.60156	611.892944	2.5794e4	2
1200	2064	7.60156	612.188904	1.9569e4	1
1200	2064	7.60156	612.393188	2.2331e4	2
1200	2064	7.60156	612.852173	2.5471e4	0
1200	2064	7.60156	614.375671	1.9645e4	0
1200	2064	7.60156	615.405090	2.0921e4	0
1200	2064	7.60156	616.930603	2.4245e4	0
1200	2064	7.60156	617.761536	2.3008e4	0
1200	2064	7.60156	617.796082	1.9286e4	0
1200	2064	7.60156	620.343872	2.4239e4	0
1200	2064	7.60156	620.754517	2.2473e4	0
1200	2064	7.60156	621.373779	2.6174e4	0
1200	2064	7.60156	621.852295	2.7794e4	0
1200	2064	7.60156	624.381348	1.9080e4	0
1200	2064	7.60156	625.369324	2.3163e4	0
1200	2064	7.60156	626.283020	3.3539e4	0
1200	2064	7.60156	628.938660	3.2065e4	3
1200	2064	7.60156	629.268372	2.2050e4	3
1200	2064	7.60156	630.248230	3.2759e4	0
1200	2064	7.60156	630.797302	2.0648e4	0
1200	2064	7.60156	630.866089	1.9514e4	0
1200	2064	7.60156	630.943237	1.7745e4	0
1200	2064	7.60156	631.392029	2.6053e4	0
1200	2064	7.60156	631.921265	2.2551e4	0
1200	2064	7.60156	631.935669	2.1623e4	0
1200	2064	7.60156	632.328491	2.0456e4	0
1200	2064	7.60156	633.346375	2.0579e4	0
1200	2064	7.60156	633.360657	2.8335e4	0
1200	2064	7.60156	634.265442	1.9763e4	0
1200	2064	7.60156	634.292969	1.9950e4	1
1200	2064	7.60156	634.329224	2.3621e4	0
1200	2064	7.60156	634.775085	1.8213e4	1
1200	2064	7.60156	634.840698	2.6438e4	1
1200	2064	7.60156	635.236694	2.4007e4	0
1200	2064	7.60156	635.296997	2.1693e4	1
1200	2064	7.60156	635.773071	2.0975e4	1
1200	2064	7.60156	635.845886	2.0558e4	1
1200	2064	7.60156	636.009399	2.0320e4	6
1200	2064	7.60156	636.897888	2.2478e4	0
1200	2064	7.60156	638.385986	2.5367e4	0
1200	2064	7.60156	638.404785	1.8752e4	0
1200	2064	7.60156	638.941956	2.2237e4	0
1200	2064	7.60156	642.279236	2.9683e4	2
1200	2064	7.60156	642.782776	3.3461e4	2
1200	2064	7.60156	643.311768	6.2172e4	0
1200	2064	7.60156	643.404053	2.2654e4	0
1200	2064	7.60156	644.414185	1.7796e4	0
1200	2064	7.60156	644.840881	2.1244e4	0
1200	2064	7.60156	645.876709	2.9828e4	6
1200	2064	7.60156	646.037903	2.0794e4	6
1200	2064	7.60156	648.279846	2.1883e4	0
1200	2064	7.60156	648.308716	2.3229e4	0
1200	2064	7.60156	649.353638	2.6229e4	0
1200	2064	7.60156	650.266357	2.4279e4	0
1200	2064	7.60156	651.152954	2.2888e4	0
1200	2064	7.60156	652.228516	2.0230e4	0
1200	2064	7.60156	654.390381	2.3911e4	0
1200	2064	7.60156	654.873535	2.5071e4	0
1200	2064	7.60156	654.966125	1.9908e4	0
1200	2064	7.60156	656.250122	2.3762e4	0
1200	2064	7.60156	656.859375	2.9571e4	0
1200	2064	7.60156	658.489258	2.1802e4	0
1200	2064	7.60156	659.254028	2.0077e4	0
1200	2064	7.60156	659.328552	2.2041e4	0
1200	2064	7.60156	660.912292	2.0791e4	0
1200	2064	7.60156	661.844177	2.1147e4	0
1200	2064	7.60156	663.398926	2.5888e4	0
1200	2064	7.60156	666.770447	2.8716e4	0
1200	2064	7.60156	666.827332	2.6289e4	0
1200	2064	7.60156	666.842773	2.7523e4	0
1200	2064	7.60156	667.184265	2.5243e4	0
1200	2064	7.60156	671.263855	3.4144e4	0
1200	2064	7.60156	671.416321	2.6075e4	0
1200	2064	7.60156	671.847046	2.5138e4	0
1200	2064	7.60156	673.836670	2.0270e4	0
1200	2064	7.60156	675.831787	2.2551e4	0
1200	2064	7.60156	676.279358	2.2966e4	1
1200	2064	7.60156	676.367371	3.5469e4	0
1200	2064	7.60156	677.278137	2.1559e4	1
1200	2064	7.60156	677.845886	2.5982e4	0
1200	2064	7.60156	678.205872	2.2113e4	0
1200	2064	7.60156	678.870544	2.2397e4	0
1200	2064	7.60156	679.838745	2.3941e4	0
1200	2064	7.60156	680.406494	2.0404e4	0
1200	2064	7.60156	681.294434	3.0712e4	0
1200	2064	7.60156	681.485779	2.2761e4	0
1200	2064	7.60156	681.867493	2.5336e4	0
1200	2064	7.60156	681.934326	2.9200e4	0
1200	2064	7.60156	682.304871	3.5542e4	0
1200	2064	7.60156	683.321228	2.9108e4	0
1200	2064	7.60156	683.337463	2.2553e4	0
1200	2064	7.60156	686.820496	2.3784e4	0
1200	2064	7.60156	687.851135	2.3837e4	0
1200	2064	7.60156	688.309265	2.7073e4	0
1200	2064	7.60156	692.392456	2.3178e4	0
1200	2064	7.60156	692.767151	4.5282e4	2
1200	2064	7.60156	693.270081	3.1966e4	2
1200	2064	7.60156	693.768982	2.0935e4	2
1200	2064	7.60156	693.872925	2.6438e4	0
1200	2064	7.60156	695.332214	2.5560e4	0
1200	2064	7.60156	695.747498	1.9563e4	0
1200	2064	7.60156	695.785645	2.7494e4	0
1200	2064	7.60156	695.804321	2.1022e4	0
1200	2064	7.60156	696.729675	2.4569e4	0
1200	2064	7.60156	697.773682	2.5343e4	0
1200	2064	7.60156	699.305115	2.7063e4	0
1200	2064	7.60156	699.887939	2.0047e4	0
1200	2064	7.60156	700.354431	2.8749e4	0
1200	2064	7.60156	700.899414	2.3590e4	0
1200	2064	7.60156	702.834106	2.2920e4	0
1200	2064	7.60156	703.867188	2.1874e4	0
1200	2064	7.60156	704.382568	3.5909e4	0
1200	2064	7.60156	704.742981	2.4092e4	0
1200	2064	7.60156	704.834900	2.1732e4	0
1200	2064	7.60156	704.861572	2.8668e4	0
1200	2064	7.60156	706.185181	2.0534e4	0
1200	2064	7.60156	706.219910	2.8367e4	0
1200	2064	7.60156	706.250977	2.1969e4	0
1200	2064	7.60156	706.788391	2.6706e4	0
1200	2064	7.60156	707.776611	2.8275e4	0
1200	2064	7.60156	710.269714	2.2886e4	0
1200	2064	7.60156	710.961792	2.4440e4	0
1200	2064	7.60156	711.391724	2.5899e4	0
1200	2064	7.60156	712.284424	2.1021e4	0
1200	2064	7.60156	712.359985	3.3749e4	0
1200	2064	7.60156	712.834351	1.8606e4	0
1200	2064	7.60156	713.356079	2.9882e4	0
1200	2064	7.60156	713.807861	2.3805e4	0
1200	2064	7.60156	713.872986	2.3475e4	0
1200	2064	7.60156	714.171265	2.4381e4	0
1200	2064	7.60156	714.414795	2.2971e4	0
1200	2064	7.60156	718.803711	3.2481e4	0
1200	2064	7.60156	718.858398	1.9359e4	0
1200	2064	7.60156	718.907837	2.0739e4	1
1200	2064	7.60156	719.913879	2.1655e4	1
1200	2064	7.60156	720.459351	1.9783e4	0
1200	2064	7.60156	720.910583	3.0454e4	1
1200	2064	7.60156	721.043030	2.1799e4	0
1200	2064	7.60156	721.333252	4.0343e4	2
1200	2064	7.60156	721.840149	3.2280e4	2
1200	2064	7.60156	723.401062	2.3543e4	0
1200	2064	7.60156	723.434998	2.4869e4	0
1200	2064	7.60156	723.838196	2.9479e4	2
1200	2064	7.60156	724.344482	2.4437e4	2
1200	2064	7.60156	725.816223	2.0885e4	0
1200	2064	7.60156	726.783081	2.4128e4	0
1200	2064	7.60156	726.892639	2.2353e4	0
1200	2064	7.60156	727.842041	2.3181e4	0
1200	2064	7.60156	729.339111	3.0892e4	0
1200	2064	7.60156	729.946411	2.9769e4	0
1200	2064	7.60156	730.716858	2.9651e4	0
1200	2064	7.60156	731.028809	1.9403e4	0
1200	2064	7.60156	731.259460	2.0834e4	0
1200	2064	7.60156	731.745422	2.3784e4	0
1200	2064	7.60156	732.793152	2.7285e4	0
1200	2064	7.60156	733.564636	2.0799e4	0
1200	2064	7.60156	733.827148	2.4903e4	0
1200	2064	7.60156	734.379089	2.0008e4	0
1200	2064	7.60156	734.865845	2.4464e4	0
1200	2064	7.60156	736.901855	2.3069e4	0
1200	2064	7.60156	737.524353	1.9758e4	0
1200	2064	7.60156	738.300110	2.4254e4	0
1200	2064	7.60156	738.319092	2.9028e4	0
1200	2064	7.60156	742.733459	2.7186e4	0
1200	2064	7.60156	746.278931	2.7357e4	0
1200	2064	7.60156	746.381775	2.9233e4	0
1200	2064	7.60156	747.687195	2.8489e4	1
1200	2064	7.60156	747.874573	2.8555e4	0
1200	2064	7.60156	748.348999	2.5340e4	0
1200	2064	7.60156	748.697815	3.3002e4	1
1200	2064	7.60156	749.878418	3.2082e4	0
1200	2064	7.60156	749.967834	2.7818e4	0
1200	2064	7.60156	752.796753	2.2924e4	0
1200	2064	7.60156	753.406799	2.7894e4	0
1200	2064	7.60156	754.884583	2.2173e4	0
1200	2064	7.60156	755.879639	2.5500e4	0
1200	2064	7.60156	756.529968	2.6002e4	0
1200	2064	7.60156	759.666077	3.0636e4	0
1200	2064	7.60156	760.226257	3.0649e4	0
1200	2064	7.60156	762.372864	2.6715e4	2
1200	2064	7.60156	762.867249	2.9182e4	2
1200	2064	7.60156	763.317383	2.5632e4	0
1200	2064	7.60156	767.700745	3.3888e4	0
1200	2064	7.60156	768.221497	2.6048e4	0
1200	2064	7.60156	768.344177	2.4378e4	0
1200	2064	7.60156	770.292542	3.0167e4	0
1200	2064	7.60156	774.226257	2.6934e4	0
1200	2064	7.60156	774.818054	2.1458e4	0
1200	2064	7.60156	777.832886	2.7363e4	0
1200	2064	7.60156	779.314392	2.3272e4	0
1200	2064	7.60156	780.718750	3.6188e4	0
1200	2064	7.60156	781.336853	2.8273e4	0
1200	2064	7.60156	783.840088	3.1423e4	0
1200	2064	7.60156	785.853149	3.0378e4	0
1200	2064	7.60156	788.354980	2.5334e4	0
1200	2064	7.60156	788.382507	2.7657e4	0
1200	2064	7.60156	788.793091	3.2548e4	4
1200	2064	7.60156	788.985229	2.4807e4	0
1200	2064	7.60156	789.046814	3.4119e4	4
1200	2064	7.60156	790.353210	2.1867e4	0
1200	2064	7.60156	792.738220	2.6741e4	0
1200	2064	7.60156	794.407776	2.6291e4	0
1200	2064	7.60156	794.794495	2.9451e4	0
1200	2064	7.60156	794.833252	2.3652e4	0
1200	2064	7.60156	796.450684	3.0071e4	0
1200	2064	7.60156	798.225647	2.4694e4	0
1200	2064	7.60156	799.752869	3.0963e4	0
1200	2064	7.60156	799.804077	3.0883e4	0
1200	2064	7.60156	800.346191	2.4555e4	0
1200	2064	7.60156	803.795654	3.7685e4	0
1200	2064	7.60156	804.787476	2.7290e4	0
1200	2064	7.60156	807.641968	2.4203e4	0
1200	2064	7.60156	809.303467	2.7941e4	0
1200	2064	7.60156	809.668945	2.3248e4	0
1200	2064	7.60156	809.774780	2.8440e4	0
1200	2064	7.60156	812.862122	2.2642e4	0
1200	2064	7.60156	814.705017	2.9096e4	0
1200	2064	7.60156	816.777832	2.6724e4	0
1200	2064	7.60156	816.801514	2.4620e4	0
1200	2064	7.60156	819.280518	3.1225e4	0
1200	2064	7.60156	820.925659	3.4311e4	6
1200	2064	7.60156	821.089600	3.1190e4	6
1200	2064	7.60156	821.891541	2.4740e4	0
1200	2064	7.60156	822.719299	3.1123e4	1
1200	2064	7.60156	823.724915	3.1609e4	1
1200	2064	7.60156	825.696411	3.0459e4	0
1200	2064	7.60156	826.284058	2.7013e4	0
1200	2064	7.60156	826.633667	2.3656e4	0
1200	2064	7.60156	826.669861	3.4266e4	0
1200	2064	7.60156	826.948792	2.3377e4	0
1200	2064	7.60156	828.245850	2.4552e4	0
1200	2064	7.60156	828.508850	2.5417e4	0
1200	2064	7.60156	828.795654	3.3820e4	0
1200	2064	7.60156	829.765137	2.3939e4	0
1200	2064	7.60156	832.302917	2.2428e4	0
1200	2064	7.60156	832.332886	2.6128e4	0
1200	2064	7.60156	832.777710	3.1211e4	1
1200	2064	7.60156	833.783752	2.8456e4	1
1200	2064	7.60156	834.265503	2.3805e4	0
1200	2064	7.60156	834.837280	2.7136e4	0
1200	2064	7.60156	837.681702	2.5883e4	0
1200	2064	7.60156	837.809814	2.5659e4	0
1200	2064	7.60156	838.779907	2.6814e4	0
1200	2064	7.60156	839.169678	2.7048e4	0
1200	2064	7.60156	839.348022	2.9821e4	0
1200	2064	7.60156	840.231079	2.3783e4	0
1200	2064	7.60156	840.910461	2.6558e4	0
1200	2064	7.60156	841.854309	2.8479e4	0
1200	2064	7.60156	841.879639	2.9136e4	0
1200	2064	7.60156	841.938477	3.2030e4	0
1200	2064	7.60156	843.330872	2.6186e4	0
1200	2064	7.60156	843.942810	2.5594e4	0
1200	2064	7.60156	844.369629	2.7001e4	0
1200	2064	7.60156	844.496948	2.6601e4	0
1200	2064	7.60156	846.749634	2.5358e4	0
1200	2064	7.60156	846.783875	2.7653e4	0
1200	2064	7.60156	847.323181	3.2061e4	0
1200	2064	7.60156	847.371643	3.4178e4	0
1200	2064	7.60156	849.652771	2.9962e4	0
1200	2064	7.60156	851.729614	3.1047e4	0
1200	2064	7.60156	856.243347	3.0796e4	0
1200	2064	7.60156	856.901978	3.2916e4	0
1200	2064	7.60156	858.304077	2.8770e4	0
1200	2064	7.60156	858.342529	3.2587e4	0
1200	2064	7.60156	863.768066	3.2067e4	0
1200	2064	7.60156	871.359741	2.8248e4	0
1200	2064	7.60156	872.879944	4.2028e4	0
1200	2064	7.60156	873.825989	2.8478e4	0
1200	2064	7.60156	874.677551	4.4750e4	0
1200	2064	7.60156	878.356262	2.8214e4	0
1200	2064	7.60156	880.351196	3.3091e4	0
1200	2064	7.60156	881.919556	3.2533e4	0
1200	2064	7.60156	882.287720	3.1217e4	0
1200	2064	7.60156	885.894226	2.6170e4	0
1200	2064	7.60156	900.785950	2.7496e4	0
1200	2064	7.60156	901.682251	2.7580e4	0
1200	2064	7.60156	901.704041	3.3643e4	0
1200	2064	7.60156	904.808960	3.8993e4	0
1200	2064	7.60156	906.911072	3.0772e4	0
1200	2064	7.60156	907.785950	3.7415e4	0
1200	2064	7.60156	909.939941	3.1524e4	0
1200	2064	7.60156	914.832520	3.5204e4	0
1200	2064	7.60156	915.419861	3.3363e4	0
1200	2064	7.60156	915.823730	3.1785e4	0
1200	2064	7.60156	917.379028	3.3130e4	0
1200	2064	7.60156	925.881226	3.1761e4	0
1200	2064	7.60156	926.962280	3.0328e4	0
1200	2064	7.60156	927.788574	2.8616e4	0
1200	2064	7.60156	927.844788	2.8697e4	0
1200	2064	7.60156	931.184692	3.0795e4	0
1200	2064	7.60156	932.803406	3.0673e4	0
1200	2064	7.60156	937.410767	2.8955e4	0
1200	2064	7.60156	938.808838	3.0294e4	0
1200	2064	7.60156	942.723389	3.0596e4	0
1200	2064	7.60156	942.836853	3.2448e4	0
1200	2064	7.60156	943.663635	3.5481e4	0
1200	2064	7.60156	947.109009	3.0446e4	0
1200	2064	7.60156	947.835876	2.7430e4	0
1200	2064	7.60156	954.167236	2.8765e4	0
1200	2064	7.60156	955.311890	3.2244e4	0
1200	2064	7.60156	959.438416	2.7456e4	0
1200	2064	7.60156	963.390503	3.1508e4	0
1200	2064	7.60156	964.813232	4.7326e4	0
1200	2064	7.60156	965.965515	2.8163e4	0
1200	2064	7.60156	968.346802	3.1199e4	0
1200	2064	7.60156	968.395081	2.9584e4	0
1200	2064	7.60156	969.776245	4.3370e4	2
1200	2064	7.60156	969.922058	2.6310e4	0
1200	2064	7.60156	970.286682	2.4818e4	2
1200	2064	7.60156	970.651672	2.9187e4	0
1200	2064	7.60156	972.810852	3.4809e4	0
1200	2064	7.60156	975.855530	3.2753e4	0
1200	2064	7.60156	979.750671	3.0079e4	0
1200	2064	7.60156	979.900635	3.2201e4	0
1200	2064	7.60156	985.530334	3.2099e4	0
1200	2064	7.60156	998.747070	4.1676e4	0
1200	2064	7.60156	1000.188171	3.0326e4	0
1200	2064	7.60156	1000.820190	3.2182e4	0
1200	2064	7.60156	1004.629150	3.0664e4	0
1200	2064	7.60156	1011.863770	3.4926e4	0
1200	2064	7.60156	1018.277771	4.0182e4	1
1200	2064	7.60156	1019.273621	4.2337e4	1
1200	2064	7.60156	1026.707642	2.9980e4	0
1200	2064	7.60156	1032.408203	3.1821e4	0
1200	2064	7.60156	1036.353149	3.8749e4	0
1200	2064	7.60156	1045.862061	3.3106e4	0
1200	2064	7.60156	1048.677368	2.9000e4	0
1200	2064	7.60156	1056.825562	2.9245e4	0
1200	2064	7.60156	1068.351685	2.9585e4	0
1200	2064	7.60156	1083.794678	3.6273e4	0
1200	2064	7.60156	1107.257812	3.8318e4	0
1200	2064	7.60156	1111.301025	3.2118e4	0
1200	2064	7.60156	1116.777954	3.5096e4	0
1200	2064	7.60156	1117.882935	5.0169e4	0
1200	2064	7.60156	1120.814453	3.3219e4	0
1200	2064	7.60156	1139.662720	5.1938e4	0
1200	2064	7.60156	1148.255859	3.0505e4	0
1200	2064	7.60156	1178.551758	4.3632e4	0
1200	2064	7.60156	1182.037720	4.3565e4	0
1200	2064	7.60156	1212.653076	3.4405e4	0
1200	2064	7.60156	1222.159790	3.5862e4	0
1200	2064	7.60156	1231.742920	3.8666e4	0
1200	2064	7.60156	1238.221558	4.1860e4	0
1200	2064	7.60156	1283.562378	3.4889e4	0
1200	2064	7.60156	1289.574951	3.5424e4	0
1200	2064	7.60156	1297.183105	3.3215e4	0
1200	2064	7.60156	1322.763184	3.5285e4	0
1200	2064	7.60156	1355.886475	3.3068e4	0
1200	2064	7.60156	1377.813110	3.4281e4	0
1200	2064	7.60156	1398.547729	3.9810e4	0
1200	2064	7.60156	1423.766113	4.4605e4	0
