case	ref_mono	z	rt	pk_mz	reported_k	spacing	mono_mz
00_VGDANPALQK_z1	1037.5142	1	18.051	1038.5104	-2	1.00335	1038.52148
01_YENEVALR_z2	992.4927	2	11.708	497.2584	1	0.50168	497.25363
02_VGDANPALQK_z2	1011.5349	2	11.205	506.7798	1	0.50168	506.77473
03_VGDANPALQK_z2	1011.5349	2	11.515	506.7797	1	0.50168	506.77473
04_VLDELTLTK_z2	1030.5910	2	13.838	516.3077	-1	0.50168	516.30278
05_SLIGRSDLNGK_z2	1201.6415	2	12.332	601.8359	-1	0.50168	601.82803
06_FSSSSGYGGGSSR_z2	1234.5214	2	10.297	618.2740	-1	0.50168	618.26798
07_HVGDLGNVTADK_z2	1246.5918	2	11.238	624.3090	1	0.50168	624.30318
08_LLEACTFHKP_z2	1257.6176	2	14.749	629.8221	-1	0.50168	629.81608
09_GTFAALSELHCDK_z2	1490.6824	2	14.732	746.3557	1	0.50168	746.34848
10_SQYEQLAEQNRK_z2	1535.7328	2	11.565	768.8812	1	0.50168	768.87368
11_TAGWNIPMGLLYSK_z2	1549.7963	2	16.503	775.9128	-1	0.50168	775.90543
12_YNSLTINNDITLLK_z2	1620.8723	2	15.552	811.4515	2	0.50168	811.44343
13_SCAAAGTECLISGWGNTK_z2	1938.8564	2	15.430	970.9460	-1	0.50168	970.43548
14_SVTDCTSNFCLFQSNSK_z2	2036.8568	2	15.462	1019.9457	1	0.50168	1019.43568
15_YAAELHLVHWNTK_z3	1639.8107	3	14.508	547.6160	1	0.33445	547.61084
16_KYAAELHLVHWNTK_z3	1736.8998	3	13.428	579.9796	1	0.33445	579.97388
17_NKLNDLEDALQQAKEDLAR_z3	2183.1182	3	15.040	729.0547	-1	0.33445	728.71334
18_AVVQDPALKPLALVYGEATSR_z3	2198.1947	3	15.913	734.0803	-1	0.33445	733.73884
19_TSQNSELNNMQDLVEDYKK_z3	2255.0376	3	13.646	753.0281	1	0.33445	752.68648
20_RMVNNGHSFNVEYDDSQDK_z3	2255.9389	3	11.724	753.3288	-1	0.33445	752.98691
21_LGEHNIDVLEGNEQFINAAK_z3	2267.1182	3	15.535	757.0549	-2	0.33445	756.71334
22_IITHPNFNGNTLDNDIMLIK_z3	2283.1569	3	15.535	762.4017	-1	0.33445	762.05958
23_AVVQDPALKPLALVYGEATSR_z3	2326.2533	3	15.779	776.7680	-1	0.33445	776.42504
24_GGGGGGYGSGGSSYGSGGGSYG_z3	2425.9504	3	10.967	809.9999	-1	0.33445	809.65741
25_MVNNGHSFNVEYDDSQDKAVLK_z3	2475.1013	3	12.660	826.3815	-1	0.33445	826.04104
26_HTGPGILSMANAGPNTNGSQFF_z3	2833.3276	3	15.954	945.7927	1	0.33445	945.44981
27_HTGPGILSMANAGPNTNGSQFF_z3	2849.3225	3	15.153	951.1246	-1	0.33445	950.78144
28_TLNFNAEGEPELLMLANWRPAQ_z3	2851.4691	3	18.640	951.8438	1	0.33445	951.49698
29_TLNFNAEGEPELLMLANWRPAQ_z3	2894.4749	3	16.406	966.1755	-1	0.33445	965.83224
30_TLNFNAEGEPELLMLANWRPAQ_z3	2932.4308	3	16.802	978.8228	1	0.33445	978.48421
31_NGQPESEDKYGTTPPQLDADSS_z3	3137.3989	3	14.667	1047.1515	-1	0.33445	1046.80691
32_TLNFNAEGEPELLMLANWRPAQ_z3	3165.6030	3	16.615	1056.5529	-1	0.33445	1056.20828
33_DSCQGDSGGPVVCNGQLQGIVS_z3	3183.3808	3	15.414	1062.4781	1	0.33445	1062.13421
34_DSCQGDSGGPVVCNGQLQGIVS_z3	3197.3965	3	15.430	1067.1495	1	0.33445	1066.80611
35_HNGPEHWHKDFPIANGER|HNG_z4	2197.0202	4	11.238	550.5182	1	0.25084	550.26233
36_ECCHGDLLECADDRADLAK_z4	2246.9355	4	12.153	562.9974	1	0.25084	562.74115
37_AVVQDPALKPLALVYGEATSRR_z4	2354.2958	4	15.267	589.8378	-1	0.25084	589.58123
38_MVNNGHSFNVEYDDSQDKAVLK_z4	2511.1224	4	12.627	629.0446	-1	0.25084	628.78788
39_LVQFHFHWGSSDDQGSEHTVDR_z4	2626.1585	4	14.151	657.8040	-1	0.25084	657.54690
40_RMVNNGHSFNVEYDDSQDKAVL_z4	2667.2235	4	12.119	668.0719	-1	0.25084	667.81315
41_TLNFNAEGEPELLMLANWRPAQ_z4	3122.5971	4	16.253	781.9147	-1	0.25084	781.65655
42_TLNFNAEGEPELLMLANWRPAQ_z4	3137.6080	4	15.966	785.6671	1	0.25084	785.40928
43_MVNNGHSFNVEYDDSQDKAVLK_z4	3529.6056	4	13.532	883.9186	-1	0.25084	883.40868
44_YAAELHLVHWNTKYGDFGTAAQ_z4	3857.9529	4	16.487	966.0059	1	0.25084	965.49550
45_STDFPNFDPGSLLPNVLDYWTY_z4	5920.0213	4	18.513	1481.7784	1	0.25084	1481.01260
46_DGPLTGTYRLVQFHFHWGSSDD_z5	3544.6032	5	14.781	710.1391	-1	0.20067	709.92792
