label	ref_mono	rt	z	pk_mz	reported_k
00_VGDANPALQK_z1	1037.5142	18.051	1	1038.5104	-2
01_YENEVALR_z2	992.4927	11.708	2	497.2584	1
02_VGDANPALQK_z2	1011.5349	11.205	2	506.7798	1
03_VGDANPALQK_z2	1011.5349	11.515	2	506.7797	1
04_VLDELTLTK_z2	1030.5910	13.838	2	516.3077	-1
05_SLIGRSDLNGK_z2	1201.6415	12.332	2	601.8359	-1
06_FSSSSGYGGGSSR_z2	1234.5214	10.297	2	618.2740	-1
07_HVGDLGNVTADK_z2	1246.5918	11.238	2	624.3090	1
08_LLEACTFHKP_z2	1257.6176	14.749	2	629.8221	-1
09_GTFAALSELHCDK_z2	1490.6824	14.732	2	746.3557	1
10_SQYEQLAEQNRK_z2	1535.7328	11.565	2	768.8812	1
11_TAGWNIPMGLLYSK_z2	1549.7963	16.503	2	775.9128	-1
12_YNSLTINNDITLLK_z2	1620.8723	15.552	2	811.4515	2
13_SCAAAGTECLISGWGNTK_z2	1938.8564	15.430	2	970.9460	-1
14_SVTDCTSNFCLFQSNSK_z2	2036.8568	15.462	2	1019.9457	1
15_YAAELHLVHWNTK_z3	1639.8107	14.508	3	547.6160	1
16_KYAAELHLVHWNTK_z3	1736.8998	13.428	3	579.9796	1
17_NKLNDLEDALQQAKEDLAR_z3	2183.1182	15.040	3	729.0547	-1
18_AVVQDPALKPLALVYGEATSR_z3	2198.1947	15.913	3	734.0803	-1
19_TSQNSELNNMQDLVEDYKK_z3	2255.0376	13.646	3	753.0281	1
20_RMVNNGHSFNVEYDDSQDK_z3	2255.9389	11.724	3	753.3288	-1
21_LGEHNIDVLEGNEQFINAAK_z3	2267.1182	15.535	3	757.0549	-2
22_IITHPNFNGNTLDNDIMLIK_z3	2283.1569	15.535	3	762.4017	-1
23_AVVQDPALKPLALVYGEATSR_z3	2326.2533	15.779	3	776.7680	-1
24_GGGGGGYGSGGSSYGSGGGSYG_z3	2425.9504	10.967	3	809.9999	-1
25_MVNNGHSFNVEYDDSQDKAVLK_z3	2475.1013	12.660	3	826.3815	-1
26_HTGPGILSMANAGPNTNGSQFF_z3	2833.3276	15.954	3	945.7927	1
27_HTGPGILSMANAGPNTNGSQFF_z3	2849.3225	15.153	3	951.1246	-1
28_TLNFNAEGEPELLMLANWRPAQ_z3	2851.4691	18.640	3	951.8438	1
29_TLNFNAEGEPELLMLANWRPAQ_z3	2894.4749	16.406	3	966.1755	-1
30_TLNFNAEGEPELLMLANWRPAQ_z3	2932.4308	16.802	3	978.8228	1
31_NGQPESEDKYGTTPPQLDADSS_z3	3137.3989	14.667	3	1047.1515	-1
32_TLNFNAEGEPELLMLANWRPAQ_z3	3165.6030	16.615	3	1056.5529	-1
33_DSCQGDSGGPVVCNGQLQGIVS_z3	3183.3808	15.414	3	1062.4781	1
34_DSCQGDSGGPVVCNGQLQGIVS_z3	3197.3965	15.430	3	1067.1495	1
35_HNGPEHWHKDFPIANGER|HNG_z4	2197.0202	11.238	4	550.5182	1
36_ECCHGDLLECADDRADLAK_z4	2246.9355	12.153	4	562.9974	1
37_AVVQDPALKPLALVYGEATSRR_z4	2354.2958	15.267	4	589.8378	-1
38_MVNNGHSFNVEYDDSQDKAVLK_z4	2511.1224	12.627	4	629.0446	-1
39_LVQFHFHWGSSDDQGSEHTVDR_z4	2626.1585	14.151	4	657.8040	-1
40_RMVNNGHSFNVEYDDSQDKAVL_z4	2667.2235	12.119	4	668.0719	-1
41_TLNFNAEGEPELLMLANWRPAQ_z4	3122.5971	16.253	4	781.9147	-1
42_TLNFNAEGEPELLMLANWRPAQ_z4	3137.6080	15.966	4	785.6671	1
43_MVNNGHSFNVEYDDSQDKAVLK_z4	3529.6056	13.532	4	883.9186	-1
44_YAAELHLVHWNTKYGDFGTAAQ_z4	3857.9529	16.487	4	966.0059	1
45_STDFPNFDPGSLLPNVLDYWTY_z4	5920.0213	18.513	4	1481.7784	1
46_DGPLTGTYRLVQFHFHWGSSDD_z5	3544.6032	14.781	5	710.1391	-1
